pdf_id,filename,relative_path,title,source,bytes,sha256,validation,page_count,is_scanned,image_pages,has_images,table_like_pages,has_tables,double_column_pages,is_double_column,sidebar_pages,has_sidebar,document_type,text_chars,notes,manual_review_status,manual_review_notes,relevance_status,relevance_basis,layout_manual_status,relevance_scope
PDF-001,00_official_MQB_MEB_platform_press_release.pdf,framework\00_official_MQB_MEB_platform_press_release.pdf,00_official_MQB_MEB_platform_press_release.pdf,https://www.volkswagen-newsroom.com/en/press-releases/modular-toolkit-strategy-as-recipe-for-success-the-mqb-celebrates-tenth-anniversary-8030/download,188914,9d65fbedc54f630ba32e6624689fa613a793a91d6492f53aa67d68da7d2cd860,通过,3,否,1,是,0,否,0,否,0,否,普通文本,9763,版式字段由启发式分析生成，需人工抽查；SSP 原理资料不是当前车型维修手册。,人工核验通过,100份首屏联系表和100份内页联系表已查看；相关性确认。表格/双栏/侧栏字段为人工抽查结合自动初筛。,确认相关,人工查看首屏和内页联系表；标题、VW/VAG Service/SSP 标识及正文图示明确对应车辆系统、车型、诊断、维修或售后技术培训。,人工首屏+内页抽查,汽车售后/维修/诊断/技术培训
PDF-002,01_SSP_511_EA211_petrol_engine.pdf,framework\01_SSP_511_EA211_petrol_engine.pdf,01_SSP_511_EA211_petrol_engine.pdf,https://www.vdveer-engineering.nl/edocmanviewer/SSP_511_The_New_EA211_Petrol_Engine.pdf,4445873,9a53bf0c76e2d5248787ecc13d32384704d76604f52d14aad57eb29e2cee2596,通过,64,否,64,是,0,否,0,否,4,是,图片较多,119935,版式字段由启发式分析生成，需人工抽查；SSP 原理资料不是当前车型维修手册。,人工核验通过,100份首屏联系表和100份内页联系表已查看；相关性确认。表格/双栏/侧栏字段为人工抽查结合自动初筛。,确认相关,人工查看首屏和内页联系表；标题、VW/VAG Service/SSP 标识及正文图示明确对应车辆系统、车型、诊断、维修或售后技术培训。,人工首屏+内页抽查,汽车售后/维修/诊断/技术培训
PDF-003,02_SSP_920243_EA888_gen3.pdf,framework\02_SSP_920243_EA888_gen3.pdf,02_SSP_920243_EA888_gen3.pdf,https://www.vdveer-engineering.nl/edocmanviewer/SSP_920243_-_The_Audi_1_8L_and_2_0L_Third_Generation_EA888_Engines.pdf,4732288,9976d6d51a45730230bad870792a8dcc8643135f87dcc310107d5c269ea87979,通过,72,否,66,是,1,是,5,是,11,是,图片较多,87554,版式字段由启发式分析生成，需人工抽查；SSP 原理资料不是当前车型维修手册。,人工核验通过,100份首屏联系表和100份内页联系表已查看；相关性确认。表格/双栏/侧栏字段为人工抽查结合自动初筛。,确认相关,人工查看首屏和内页联系表；标题、VW/VAG Service/SSP 标识及正文图示明确对应车辆系统、车型、诊断、维修或售后技术培训。,人工首屏+内页抽查,汽车售后/维修/诊断/技术培训
PDF-004,03_SSP_374_traction_control_ESP.pdf,framework\03_SSP_374_traction_control_ESP.pdf,03_SSP_374_traction_control_ESP.pdf,https://www.vdveer-engineering.nl/edocmanviewer/SSP_374_Traction_Control_ESP.pdf,6478733,94baee1401e25e43cd3ffb50c860a28ff89e8657e6d01f19b115598515c60303,通过,88,否,88,是,0,否,1,是,1,是,图片较多,125330,版式字段由启发式分析生成，需人工抽查；SSP 原理资料不是当前车型维修手册。,人工核验通过,100份首屏联系表和100份内页联系表已查看；相关性确认。表格/双栏/侧栏字段为人工抽查结合自动初筛。,确认相关,人工查看首屏和内页联系表；标题、VW/VAG Service/SSP 标识及正文图示明确对应车辆系统、车型、诊断、维修或售后技术培训。,人工首屏+内页抽查,汽车售后/维修/诊断/技术培训
PDF-005,04_SSP_532_VW_heat_pump.pdf,framework\04_SSP_532_VW_heat_pump.pdf,04_SSP_532_VW_heat_pump.pdf,https://www.vdveer-engineering.nl/edocmanviewer/SSP_532_The_Heat_Pump_from_Volkswagen.pdf,1604000,d86a2d7aa21ca89f7ac43e1e3a8930556323e7a63bc0d4ef7c675af4dd99386d,通过,32,否,32,是,0,否,0,否,3,是,图片较多,46632,版式字段由启发式分析生成，需人工抽查；SSP 原理资料不是当前车型维修手册。,人工核验通过,100份首屏联系表和100份内页联系表已查看；相关性确认。表格/双栏/侧栏字段为人工抽查结合自动初筛。,确认相关,人工查看首屏和内页联系表；标题、VW/VAG Service/SSP 标识及正文图示明确对应车辆系统、车型、诊断、维修或售后技术培训。,人工首屏+内页抽查,汽车售后/维修/诊断/技术培训
PDF-006,05_SSP_307_Touran_electrical_system.pdf,framework\05_SSP_307_Touran_electrical_system.pdf,05_SSP_307_Touran_electrical_system.pdf,https://www.vdveer-engineering.nl/edocmanviewer/SSP_307_The_Touran_Electrical_system.pdf,3181975,c5fa466e559ffe78abb7f9ec4ebff561a48daa041c0d6b8b4263bacc81872415,通过,60,否,51,是,0,否,1,是,0,否,图片较多,46162,版式字段由启发式分析生成，需人工抽查；SSP 原理资料不是当前车型维修手册。,人工核验通过,100份首屏联系表和100份内页联系表已查看；相关性确认。表格/双栏/侧栏字段为人工抽查结合自动初筛。,确认相关,人工查看首屏和内页联系表；标题、VW/VAG Service/SSP 标识及正文图示明确对应车辆系统、车型、诊断、维修或售后技术培训。,人工首屏+内页抽查,汽车售后/维修/诊断/技术培训
PDF-007,06_SSP_588_Jetta_2019.pdf,framework\06_SSP_588_Jetta_2019.pdf,06_SSP_588_Jetta_2019.pdf,https://www.vag-technique.fr/ext_files/ssp/vw/SSP_588_The_Jetta_2019.pdf,2542651,6ed56517b60e7b1b9fa9192c03f1014cbb35002539c3c28f88bc1fcb6fa4b24f,通过,68,否,68,是,0,否,1,是,1,是,图片较多,59600,版式字段由启发式分析生成，需人工抽查；SSP 原理资料不是当前车型维修手册。,人工核验通过,100份首屏联系表和100份内页联系表已查看；相关性确认。表格/双栏/侧栏字段为人工抽查结合自动初筛。,确认相关,人工查看首屏和内页联系表；标题、VW/VAG Service/SSP 标识及正文图示明确对应车辆系统、车型、诊断、维修或售后技术培训。,人工首屏+内页抽查,汽车售后/维修/诊断/技术培训
PDF-008,vag_001_View_document_SSP_147_Radio_Systems_94__e2bf2399d103.pdf,pdfs\vag_001_View_document_SSP_147_Radio_Systems_94__e2bf2399d103.pdf,View document [SSP 147 Radio Systems 94],https://www.vdveer-engineering.nl/edocmanviewer/SSP_147_Radio_Systems_94.pdf,14272027,e2bf2399d10348eea1ff25e04d7e0cad8d8c47c458515dbfc5efabf805d0bbef,通过,40,否,40,是,0,否,0,否,0,否,图片较多,0,人工抽查确认存在文字层，不是扫描件；自动版式标签已人工修正。,人工核验通过,100份首屏联系表和100份内页联系表已查看；相关性确认。表格/双栏/侧栏字段为人工抽查结合自动初筛。,确认相关,人工查看首屏和内页联系表；标题、VW/VAG Service/SSP 标识及正文图示明确对应车辆系统、车型、诊断、维修或售后技术培训。,人工首屏+内页抽查,汽车售后/维修/诊断/技术培训
PDF-009,vag_002_View_document_SSP_153_1_9_ltr-TDI-Industrial_Engine__b72a02c43d3a.pdf,pdfs\vag_002_View_document_SSP_153_1_9_ltr-TDI-Industrial_Engine__b72a02c43d3a.pdf,"View document [SSP 153 1,9 ltr-TDI-Industrial Engine]","https://www.vdveer-engineering.nl/edocmanviewer/SSP_153_1,9_ltr-TDI-Industrial_Engine.pdf",956959,b72a02c43d3a46c07126c4f337085cab7f4aa53c854094e69238c20fc58c33e5,通过,31,否,2,是,0,否,0,否,1,是,普通文本,31027,版式字段由启发式分析生成，需人工抽查；SSP 原理资料不是当前车型维修手册。,人工核验通过,100份首屏联系表和100份内页联系表已查看；相关性确认。表格/双栏/侧栏字段为人工抽查结合自动初筛。,确认相关,人工查看首屏和内页联系表；标题、VW/VAG Service/SSP 标识及正文图示明确对应车辆系统、车型、诊断、维修或售后技术培训。,人工首屏+内页抽查,汽车售后/维修/诊断/技术培训
PDF-010,vag_003_View_document_SSP_175_On-Board_Diagnosis_System__de2a09ad62f0.pdf,pdfs\vag_003_View_document_SSP_175_On-Board_Diagnosis_System__de2a09ad62f0.pdf,View document [SSP 175 On-Board Diagnosis System],https://www.vdveer-engineering.nl/edocmanviewer/SSP_175_On-Board_Diagnosis_System.pdf,2692914,de2a09ad62f0c00b1765c5218c344643b5e4095d2157908a8db0351afbb7d76e,通过,92,否,92,是,0,否,0,否,4,是,图片较多,116788,版式字段由启发式分析生成，需人工抽查；SSP 原理资料不是当前车型维修手册。,人工核验通过,100份首屏联系表和100份内页联系表已查看；相关性确认。表格/双栏/侧栏字段为人工抽查结合自动初筛。,确认相关,人工查看首屏和内页联系表；标题、VW/VAG Service/SSP 标识及正文图示明确对应车辆系统、车型、诊断、维修或售后技术培训。,人工首屏+内页抽查,汽车售后/维修/诊断/技术培训
PDF-011,vag_004_View_document_SSP_181_Audi_A3_-_Presentation__c3246ce317aa.pdf,pdfs\vag_004_View_document_SSP_181_Audi_A3_-_Presentation__c3246ce317aa.pdf,View document [SSP 181 Audi A3 - Presentation],https://www.vdveer-engineering.nl/edocmanviewer/SSP_181_Audi_A3_-_Presentation.pdf,8452367,c3246ce317aa22893c504978cfb59bdae6d47e3fabc6ddb6b6a95c6ad234fb6b,通过,32,否,18,是,1,是,2,是,0,否,普通文本,15310,版式字段由启发式分析生成，需人工抽查；SSP 原理资料不是当前车型维修手册。,人工核验通过,100份首屏联系表和100份内页联系表已查看；相关性确认。表格/双栏/侧栏字段为人工抽查结合自动初筛。,确认相关,人工查看首屏和内页联系表；标题、VW/VAG Service/SSP 标识及正文图示明确对应车辆系统、车型、诊断、维修或售后技术培训。,人工首屏+内页抽查,汽车售后/维修/诊断/技术培训
PDF-012,vag_005_View_document_SSP_182_Audi_A3_-_The_Engineering__88216050e9a8.pdf,pdfs\vag_005_View_document_SSP_182_Audi_A3_-_The_Engineering__88216050e9a8.pdf,View document [SSP 182 Audi A3 - The Engineering],https://www.vdveer-engineering.nl/edocmanviewer/SSP_182_Audi_A3_-_The_Engineering.pdf,4884794,88216050e9a8b3fe39bf61aebeaacfb2532fe4f89e3123c165e1fb5a5b300032,通过,74,否,11,是,1,是,7,是,2,是,普通文本,42274,版式字段由启发式分析生成，需人工抽查；SSP 原理资料不是当前车型维修手册。,人工核验通过,100份首屏联系表和100份内页联系表已查看；相关性确认。表格/双栏/侧栏字段为人工抽查结合自动初筛。,确认相关,人工查看首屏和内页联系表；标题、VW/VAG Service/SSP 标识及正文图示明确对应车辆系统、车型、诊断、维修或售后技术培训。,人工首屏+内页抽查,汽车售后/维修/诊断/技术培训
PDF-013,vag_006_View_document_SSP_186_The_CAN_Databus__fa5e6c81a465.pdf,pdfs\vag_006_View_document_SSP_186_The_CAN_Databus__fa5e6c81a465.pdf,View document [SSP 186 The CAN Databus],https://www.vdveer-engineering.nl/edocmanviewer/SSP_186_The_CAN_Databus.pdf,574277,fa5e6c81a465e68480570ba1e18db90ca1aacd5837d092391fda9f764620fcaf,通过,29,否,29,是,0,否,0,否,0,否,图片较多,40095,版式字段由启发式分析生成，需人工抽查；SSP 原理资料不是当前车型维修手册。,人工核验通过,100份首屏联系表和100份内页联系表已查看；相关性确认。表格/双栏/侧栏字段为人工抽查结合自动初筛。,确认相关,人工查看首屏和内页联系表；标题、VW/VAG Service/SSP 标识及正文图示明确对应车辆系统、车型、诊断、维修或售后技术培训。,人工首屏+内页抽查,汽车售后/维修/诊断/技术培训
PDF-014,vag_007_View_document_SSP_188_The_LT_97__fad53affd375.pdf,pdfs\vag_007_View_document_SSP_188_The_LT_97__fad53affd375.pdf,View document [SSP 188 The LT 97],https://www.vdveer-engineering.nl/edocmanviewer/SSP_188_The_LT_97.pdf,1705182,fad53affd37577697a05d62ba6997e5750407f82140c5fb2dd41576072af7c42,通过,71,否,71,是,0,否,0,否,1,是,图片较多,64128,版式字段由启发式分析生成，需人工抽查；SSP 原理资料不是当前车型维修手册。,人工核验通过,100份首屏联系表和100份内页联系表已查看；相关性确认。表格/双栏/侧栏字段为人工抽查结合自动初筛。,确认相关,人工查看首屏和内页联系表；标题、VW/VAG Service/SSP 标识及正文图示明确对应车辆系统、车型、诊断、维修或售后技术培训。,人工首屏+内页抽查,汽车售后/维修/诊断/技术培训
PDF-015,vag_008_View_document_SSP_189_The_2.3_l_petrol_engine_in_the_LT_1997__2d83df16c0cf.pdf,pdfs\vag_008_View_document_SSP_189_The_2.3_l_petrol_engine_in_the_LT_1997__2d83df16c0cf.pdf,View document [SSP 189 The 2.3 l petrol engine in the LT 1997],https://www.vdveer-engineering.nl/edocmanviewer/SSP_189_The_2_3_l_petrol_engine_in_the_LT_1997.pdf,949308,2d83df16c0cfa4836c95a10f4a0ec8e52670e7b3b5f1925ff8a33a8264f6ee7e,通过,52,否,2,是,1,是,4,是,3,是,普通文本,30463,版式字段由启发式分析生成，需人工抽查；SSP 原理资料不是当前车型维修手册。,人工核验通过,100份首屏联系表和100份内页联系表已查看；相关性确认。表格/双栏/侧栏字段为人工抽查结合自动初筛。,确认相关,人工查看首屏和内页联系表；标题、VW/VAG Service/SSP 标识及正文图示明确对应车辆系统、车型、诊断、维修或售后技术培训。,人工首屏+内页抽查,汽车售后/维修/诊断/技术培训
PDF-016,vag_009_View_document_SSP_190_Adjustable_Turbocharger__013c301ada5d.pdf,pdfs\vag_009_View_document_SSP_190_Adjustable_Turbocharger__013c301ada5d.pdf,View document [SSP 190 Adjustable Turbocharger],https://www.vdveer-engineering.nl/edocmanviewer/SSP_190_Adjustable_Turbocharger.pdf,1234687,013c301ada5d32fcc601c8a6947bacc95a77debf0d394403058a77e90639a51d,通过,32,否,2,是,0,否,2,是,2,是,普通文本,16232,版式字段由启发式分析生成，需人工抽查；SSP 原理资料不是当前车型维修手册。,人工核验通过,100份首屏联系表和100份内页联系表已查看；相关性确认。表格/双栏/侧栏字段为人工抽查结合自动初筛。,确认相关,人工查看首屏和内页联系表；标题、VW/VAG Service/SSP 标识及正文图示明确对应车辆系统、车型、诊断、维修或售后技术培训。,人工首屏+内页抽查,汽车售后/维修/诊断/技术培训
PDF-017,vag_010_View_document_SSP_191_Passat_B5__5586dd0c6db8.pdf,pdfs\vag_010_View_document_SSP_191_Passat_B5__5586dd0c6db8.pdf,View document [SSP 191 Passat B5],https://www.vdveer-engineering.nl/edocmanviewer/SSP_191_Passat_B5.pdf,9744497,5586dd0c6db8b4c6f2e09e48b251859bfa5fbeca15c14e6524b414265c1e34ef,通过,122,否,17,是,2,是,4,是,4,是,普通文本,80390,版式字段由启发式分析生成，需人工抽查；SSP 原理资料不是当前车型维修手册。,人工核验通过,100份首屏联系表和100份内页联系表已查看；相关性确认。表格/双栏/侧栏字段为人工抽查结合自动初筛。,确认相关,人工查看首屏和内页联系表；标题、VW/VAG Service/SSP 标识及正文图示明确对应车辆系统、车型、诊断、维修或售后技术培训。,人工首屏+内页抽查,汽车售后/维修/诊断/技术培训
PDF-018,vag_011_View_document_SSP_192_The_Passat_1997_The_Engineering__925ef04c7153.pdf,pdfs\vag_011_View_document_SSP_192_The_Passat_1997_The_Engineering__925ef04c7153.pdf,View document [SSP 192 The Passat 1997 The Engineering],https://www.vdveer-engineering.nl/edocmanviewer/SSP_192_The_Passat_1997_The_Engineering.pdf,2261572,925ef04c715390d4f7dd9e34625d426a2b14cf6e7fb05161ae4b04ba3fe613dd,通过,75,否,6,是,0,否,6,是,8,是,普通文本,51316,版式字段由启发式分析生成，需人工抽查；SSP 原理资料不是当前车型维修手册。,人工核验通过,100份首屏联系表和100份内页联系表已查看；相关性确认。表格/双栏/侧栏字段为人工抽查结合自动初筛。,确认相关,人工查看首屏和内页联系表；标题、VW/VAG Service/SSP 标识及正文图示明确对应车辆系统、车型、诊断、维修或售后技术培训。,人工首屏+内页抽查,汽车售后/维修/诊断/技术培训
PDF-019,vag_012_View_document_SSP_193_Convenience_System__0222a731230c.pdf,pdfs\vag_012_View_document_SSP_193_Convenience_System__0222a731230c.pdf,View document [SSP 193 Convenience System],https://www.vdveer-engineering.nl/edocmanviewer/SSP_193_Convenience_System.pdf,1336269,0222a731230cd7e2f1fba06673dfaf8f2448852280eb70774926c9347a92e79c,通过,48,否,1,是,0,否,1,是,1,是,普通文本,41053,版式字段由启发式分析生成，需人工抽查；SSP 原理资料不是当前车型维修手册。,人工核验通过,100份首屏联系表和100份内页联系表已查看；相关性确认。表格/双栏/侧栏字段为人工抽查结合自动初筛。,确认相关,人工查看首屏和内页联系表；标题、VW/VAG Service/SSP 标识及正文图示明确对应车辆系统、车型、诊断、维修或售后技术培训。,人工首屏+内页抽查,汽车售后/维修/诊断/技术培训
PDF-020,vag_013_View_document_SSP_195_The_2.3-ltr_V5_Engine__c893f26ab67c.pdf,pdfs\vag_013_View_document_SSP_195_The_2.3-ltr_V5_Engine__c893f26ab67c.pdf,View document [SSP 195 The 2.3-ltr V5 Engine],https://www.vdveer-engineering.nl/edocmanviewer/SSP_195_The_2_3-ltr__V5_Engine.pdf,1649544,c893f26ab67c33772947b2908a64ffcc608394268dd2b6461566ceff95963ec5,通过,40,否,4,是,1,是,4,是,2,是,普通文本,32895,版式字段由启发式分析生成，需人工抽查；SSP 原理资料不是当前车型维修手册。,人工核验通过,100份首屏联系表和100份内页联系表已查看；相关性确认。表格/双栏/侧栏字段为人工抽查结合自动初筛。,确认相关,人工查看首屏和内页联系表；标题、VW/VAG Service/SSP 标识及正文图示明确对应车辆系统、车型、诊断、维修或售后技术培训。,人工首屏+内页抽查,汽车售后/维修/诊断/技术培训
PDF-021,vag_014_View_document_SSP_196_The_1.4_ltr_16V_55kW_Engine__055f9dd30729.pdf,pdfs\vag_014_View_document_SSP_196_The_1.4_ltr_16V_55kW_Engine__055f9dd30729.pdf,View document [SSP 196 The 1.4 ltr 16V 55kW Engine],https://www.vdveer-engineering.nl/edocmanviewer/SSP_196_The_1_4_ltr__16V_55kW_Engine.pdf,2259747,055f9dd307298e4a66e0bd32e59828b26895eb9be2d53cfc712a879be9291377,通过,36,否,4,是,1,是,2,是,0,否,普通文本,29675,版式字段由启发式分析生成，需人工抽查；SSP 原理资料不是当前车型维修手册。,人工核验通过,100份首屏联系表和100份内页联系表已查看；相关性确认。表格/双栏/侧栏字段为人工抽查结合自动初筛。,确认相关,人工查看首屏和内页联系表；标题、VW/VAG Service/SSP 标识及正文图示明确对应车辆系统、车型、诊断、维修或售后技术培训。,人工首屏+内页抽查,汽车售后/维修/诊断/技术培训
PDF-022,vag_015_View_document_SSP_198_The_27-litre_V6_Biturbo__74fe9c4e62fd.pdf,pdfs\vag_015_View_document_SSP_198_The_27-litre_V6_Biturbo__74fe9c4e62fd.pdf,View document [SSP 198 The 27-litre V6 Biturbo],https://www.vdveer-engineering.nl/edocmanviewer/SSP_198_The_2_7-litre_V6_Biturbo.pdf,3412664,74fe9c4e62fd1bb28c88ad157d5801018441f36f944c6c60ec29499b57fc91e3,通过,72,否,41,是,0,否,4,是,3,是,普通文本,78186,版式字段由启发式分析生成，需人工抽查；SSP 原理资料不是当前车型维修手册。,人工核验通过,100份首屏联系表和100份内页联系表已查看；相关性确认。表格/双栏/侧栏字段为人工抽查结合自动初筛。,确认相关,人工查看首屏和内页联系表；标题、VW/VAG Service/SSP 标识及正文图示明确对应车辆系统、车型、诊断、维修或售后技术培训。,人工首屏+内页抽查,汽车售后/维修/诊断/技术培训
PDF-023,vag_016_View_document_SSP_199_The_Radio_Navigation_System__d7d8b275fef8.pdf,pdfs\vag_016_View_document_SSP_199_The_Radio_Navigation_System__d7d8b275fef8.pdf,View document [SSP 199 The Radio Navigation System],https://www.vdveer-engineering.nl/edocmanviewer/SSP_199_The_Radio_Navigation_System.pdf,1286041,d7d8b275fef860e35bc8cfd2f4374eda063071469510452d177be9c18fb59416,通过,44,否,1,是,0,否,1,是,3,是,普通文本,48944,版式字段由启发式分析生成，需人工抽查；SSP 原理资料不是当前车型维修手册。,人工核验通过,100份首屏联系表和100份内页联系表已查看；相关性确认。表格/双栏/侧栏字段为人工抽查结合自动初筛。,确认相关,人工查看首屏和内页联系表；标题、VW/VAG Service/SSP 标识及正文图示明确对应车辆系统、车型、诊断、维修或售后技术培训。,人工首屏+内页抽查,汽车售后/维修/诊断/技术培训
PDF-024,vag_017_View_document_SSP_200_Golf_IV__08b1787a5cb0.pdf,pdfs\vag_017_View_document_SSP_200_Golf_IV__08b1787a5cb0.pdf,View document [SSP 200 Golf IV],https://www.vdveer-engineering.nl/edocmanviewer/SSP_200_Golf_IV.pdf,5097282,08b1787a5cb08e524e772b6898b0ce4518f303afcf112146284521f01dc27e7f,通过,64,否,29,是,0,否,13,是,3,是,普通文本,53583,版式字段由启发式分析生成，需人工抽查；SSP 原理资料不是当前车型维修手册。,人工核验通过,100份首屏联系表和100份内页联系表已查看；相关性确认。表格/双栏/侧栏字段为人工抽查结合自动初筛。,确认相关,人工查看首屏和内页联系表；标题、VW/VAG Service/SSP 标识及正文图示明确对应车辆系统、车型、诊断、维修或售后技术培训。,人工首屏+内页抽查,汽车售后/维修/诊断/技术培训
PDF-025,vag_018_View_document_SSP_201_The_Lupo__b2134625f335.pdf,pdfs\vag_018_View_document_SSP_201_The_Lupo__b2134625f335.pdf,View document [SSP 201 The Lupo],https://www.vdveer-engineering.nl/edocmanviewer/SSP_201_The_Lupo.pdf,4021472,b2134625f335a58617da8f2a3b45f27b4b0ce1992b65d8bf23882a875b565d48,通过,56,否,26,是,1,是,6,是,1,是,普通文本,47771,版式字段由启发式分析生成，需人工抽查；SSP 原理资料不是当前车型维修手册。,人工核验通过,100份首屏联系表和100份内页联系表已查看；相关性确认。表格/双栏/侧栏字段为人工抽查结合自动初筛。,确认相关,人工查看首屏和内页联系表；标题、VW/VAG Service/SSP 标识及正文图示明确对应车辆系统、车型、诊断、维修或售后技术培训。,人工首屏+内页抽查,汽车售后/维修/诊断/技术培训
PDF-026,vag_019_View_document_SSP_202_Vehicle_Diagnostic_Testing_and_Information_System_VAS_5051__1a0dc7cd9f7d.pdf,pdfs\vag_019_View_document_SSP_202_Vehicle_Diagnostic_Testing_and_Information_System_VAS_5051__1a0dc7cd9f7d.pdf,"View document [SSP 202 Vehicle Diagnostic, Testing and Information System VAS 5051]","https://www.vdveer-engineering.nl/edocmanviewer/SSP_202_Vehicle_Diagnostic,_Testing_and_Information_System_VAS_5051.pdf",1571710,1a0dc7cd9f7d79c48f5b7e903c65c23fbc6c798d3878359bfad79decd4894383,通过,48,否,1,是,0,否,1,是,1,是,普通文本,52403,版式字段由启发式分析生成，需人工抽查；SSP 原理资料不是当前车型维修手册。,人工核验通过,100份首屏联系表和100份内页联系表已查看；相关性确认。表格/双栏/侧栏字段为人工抽查结合自动初筛。,确认相关,人工查看首屏和内页联系表；标题、VW/VAG Service/SSP 标识及正文图示明确对应车辆系统、车型、诊断、维修或售后技术培训。,人工首屏+内页抽查,汽车售后/维修/诊断/技术培训
PDF-027,vag_020_View_document_SSP_203_The_1.0-ltr_37_kW_petrol_engine__351f20348455.pdf,pdfs\vag_020_View_document_SSP_203_The_1.0-ltr_37_kW_petrol_engine__351f20348455.pdf,View document [SSP 203 The 1.0-ltr 37 kW petrol engine],https://www.vdveer-engineering.nl/edocmanviewer/SSP_203_The_1_0-ltr__37_kW_petrol_engine.pdf,1435935,351f20348455a0d2ea1068f69ec1a2046bbf6a8ddbca8dd6bdcf5ff9acf60484,通过,24,否,1,是,1,是,4,是,1,是,普通文本,19314,版式字段由启发式分析生成，需人工抽查；SSP 原理资料不是当前车型维修手册。,人工核验通过,100份首屏联系表和100份内页联系表已查看；相关性确认。表格/双栏/侧栏字段为人工抽查结合自动初筛。,确认相关,人工查看首屏和内页联系表；标题、VW/VAG Service/SSP 标识及正文图示明确对应车辆系统、车型、诊断、维修或售后技术培训。,人工首屏+内页抽查,汽车售后/维修/诊断/技术培训
PDF-028,vag_021_View_document_SSP_204_ESP_Electronic_Stability_Programme__4e86b3b9e4e9.pdf,pdfs\vag_021_View_document_SSP_204_ESP_Electronic_Stability_Programme__4e86b3b9e4e9.pdf,View document [SSP 204 ESP Electronic Stability Programme],https://www.vdveer-engineering.nl/edocmanviewer/SSP_204_ESP_Electronic_Stability_Programme.pdf,2208892,4e86b3b9e4e931e37c3cabaa915b7c5aa555f60263b0ecaf976d4382adf89164,通过,64,否,3,是,0,否,0,否,3,是,普通文本,72678,版式字段由启发式分析生成，需人工抽查；SSP 原理资料不是当前车型维修手册。,人工核验通过,100份首屏联系表和100份内页联系表已查看；相关性确认。表格/双栏/侧栏字段为人工抽查结合自动初筛。,确认相关,人工查看首屏和内页联系表；标题、VW/VAG Service/SSP 标识及正文图示明确对应车辆系统、车型、诊断、维修或售后技术培训。,人工首屏+内页抽查,汽车售后/维修/诊断/技术培训
PDF-029,vag_022_View_document_SSP_205_02M_6speed_Manual_Gearbox__a9cfb492a2a0.pdf,pdfs\vag_022_View_document_SSP_205_02M_6speed_Manual_Gearbox__a9cfb492a2a0.pdf,View document [SSP 205 02M 6speed Manual Gearbox],https://www.vdveer-engineering.nl/edocmanviewer/SSP_205_02M_6speed_Manual_Gearbox.pdf,1383065,a9cfb492a2a0aca013d4e48c1b77a8787c6b1afa7ceb8284ecb3e09001558d4f,通过,28,否,2,是,0,否,0,否,0,否,普通文本,17086,版式字段由启发式分析生成，需人工抽查；SSP 原理资料不是当前车型维修手册。,人工核验通过,100份首屏联系表和100份内页联系表已查看；相关性确认。表格/双栏/侧栏字段为人工抽查结合自动初筛。,确认相关,人工查看首屏和内页联系表；标题、VW/VAG Service/SSP 标识及正文图示明确对应车辆系统、车型、诊断、维修或售后技术培训。,人工首屏+内页抽查,汽车售后/维修/诊断/技术培训
PDF-030,vag_023_View_document_SSP_206_Four-Wheel_Drive_with_Haldex_Coupling__629b7faf7539.pdf,pdfs\vag_023_View_document_SSP_206_Four-Wheel_Drive_with_Haldex_Coupling__629b7faf7539.pdf,View document [SSP 206 Four-Wheel Drive with Haldex Coupling],https://www.vdveer-engineering.nl/edocmanviewer/SSP_206_Four-Wheel_Drive_with_Haldex_Coupling.pdf,1228219,629b7faf75394af51f46fb7e48a27b96d4b0b2a759be654c8523c4da58c22be4,通过,44,否,16,是,1,是,4,是,0,否,普通文本,31189,版式字段由启发式分析生成，需人工抽查；SSP 原理资料不是当前车型维修手册。,人工核验通过,100份首屏联系表和100份内页联系表已查看；相关性确认。表格/双栏/侧栏字段为人工抽查结合自动初筛。,确认相关,人工查看首屏和内页联系表；标题、VW/VAG Service/SSP 标识及正文图示明确对应车辆系统、车型、诊断、维修或售后技术培训。,人工首屏+内页抽查,汽车售后/维修/诊断/技术培训
PDF-031,vag_024_View_document_SSP_207_The_Audi_TT_Coup__419e6ca581c6.pdf,pdfs\vag_024_View_document_SSP_207_The_Audi_TT_Coup__419e6ca581c6.pdf,View document [SSP 207 The Audi TT Coupé],https://www.vdveer-engineering.nl/edocmanviewer/SSP_207_The_Audi_TT_Coupé.pdf,4065620,419e6ca581c6cadc567263244e5e93e4bee3c65b12198644b73a81ad5548d7ae,通过,92,否,45,是,2,是,4,是,3,是,普通文本,85809,版式字段由启发式分析生成，需人工抽查；SSP 原理资料不是当前车型维修手册。,人工核验通过,100份首屏联系表和100份内页联系表已查看；相关性确认。表格/双栏/侧栏字段为人工抽查结合自动初筛。,确认相关,人工查看首屏和内页联系表；标题、VW/VAG Service/SSP 标识及正文图示明确对应车辆系统、车型、诊断、维修或售后技术培训。,人工首屏+内页抽查,汽车售后/维修/诊断/技术培训
PDF-032,vag_025_View_document_SSP_208_Air_Conditioner_in_the_Motor_Vehicle__c5ee00121c41.pdf,pdfs\vag_025_View_document_SSP_208_Air_Conditioner_in_the_Motor_Vehicle__c5ee00121c41.pdf,View document [SSP 208 Air Conditioner in the Motor Vehicle],https://www.vdveer-engineering.nl/edocmanviewer/SSP_208_Air_Conditioner_in_the_Motor_Vehicle.pdf,4345347,c5ee00121c4148b97d6f959a4f51605ff44483161ccd26b79cad89b27053daf5,通过,76,否,1,是,0,否,3,是,1,是,普通文本,101611,版式字段由启发式分析生成，需人工抽查；SSP 原理资料不是当前车型维修手册。,人工核验通过,100份首屏联系表和100份内页联系表已查看；相关性确认。表格/双栏/侧栏字段为人工抽查结合自动初筛。,确认相关,人工查看首屏和内页联系表；标题、VW/VAG Service/SSP 标识及正文图示明确对应车辆系统、车型、诊断、维修或售后技术培训。,人工首屏+内页抽查,汽车售后/维修/诊断/技术培训
PDF-033,vag_026_View_document_SSP_209_1.9_ltr_TDI_Engine_with_Pump_Injection_System__22d60ba32905.pdf,pdfs\vag_026_View_document_SSP_209_1.9_ltr_TDI_Engine_with_Pump_Injection_System__22d60ba32905.pdf,View document [SSP 209 1.9 ltr TDI Engine with Pump Injection System],https://www.vdveer-engineering.nl/edocmanviewer/SSP_209_1_9_ltr__TDI_Engine_with_Pump_Injection_System.pdf,1443814,22d60ba32905d8b2b0a3ccfa1d3d33df19a5d44809c40bb30d380615be8627df,通过,60,否,4,是,0,否,8,是,3,是,普通文本,52798,版式字段由启发式分析生成，需人工抽查；SSP 原理资料不是当前车型维修手册。,人工核验通过,100份首屏联系表和100份内页联系表已查看；相关性确认。表格/双栏/侧栏字段为人工抽查结合自动初筛。,确认相关,人工查看首屏和内页联系表；标题、VW/VAG Service/SSP 标识及正文图示明确对应车辆系统、车型、诊断、维修或售后技术培训。,人工首屏+内页抽查,汽车售后/维修/诊断/技术培训
PDF-034,vag_027_View_document_SSP_210_Electronic_Power_Control__6a66489edc75.pdf,pdfs\vag_027_View_document_SSP_210_Electronic_Power_Control__6a66489edc75.pdf,View document [SSP 210 Electronic Power Control],https://www.vdveer-engineering.nl/edocmanviewer/SSP_210_Electronic_Power_Control.pdf,1626831,6a66489edc75bab47054b4a85b1a108b6778dfafd05ba0ad3952287d5746c3b9,通过,36,否,8,是,0,否,1,是,1,是,普通文本,31459,版式字段由启发式分析生成，需人工抽查；SSP 原理资料不是当前车型维修手册。,人工核验通过,100份首屏联系表和100份内页联系表已查看；相关性确认。表格/双栏/侧栏字段为人工抽查结合自动初筛。,确认相关,人工查看首屏和内页联系表；标题、VW/VAG Service/SSP 标识及正文图示明确对应车辆系统、车型、诊断、维修或售后技术培训。,人工首屏+内页抽查,汽车售后/维修/诊断/技术培训
PDF-035,vag_028_View_document_SSP_211_The_New_Beetle__6863b552f620.pdf,pdfs\vag_028_View_document_SSP_211_The_New_Beetle__6863b552f620.pdf,View document [SSP 211 The New Beetle],https://www.vdveer-engineering.nl/edocmanviewer/SSP_211_The_New_Beetle.pdf,3998231,6863b552f6204297d09d8b4c63537b3f371a2acd003e81bc9ea3dae6660df1a9,通过,48,否,48,是,0,否,0,否,0,否,图片较多,54825,版式字段由启发式分析生成，需人工抽查；SSP 原理资料不是当前车型维修手册。,人工核验通过,100份首屏联系表和100份内页联系表已查看；相关性确认。表格/双栏/侧栏字段为人工抽查结合自动初筛。,确认相关,人工查看首屏和内页联系表；标题、VW/VAG Service/SSP 标识及正文图示明确对应车辆系统、车型、诊断、维修或售后技术培训。,人工首屏+内页抽查,汽车售后/维修/诊断/技术培训
PDF-036,vag_029_View_document_SSP_212_Variable_Intake_Manifold_in_VR_Engines__ce4e13dfed01.pdf,pdfs\vag_029_View_document_SSP_212_Variable_Intake_Manifold_in_VR_Engines__ce4e13dfed01.pdf,View document [SSP 212 Variable Intake Manifold in VR Engines],https://www.vdveer-engineering.nl/edocmanviewer/SSP_212_Variable_Intake_Manifold_in_VR_Engines.pdf,690048,ce4e13dfed01d9511ed42f6adef325f8f7a63f071b38092004195cc45b242fcf,通过,20,否,4,是,0,否,2,是,1,是,普通文本,24348,版式字段由启发式分析生成，需人工抽查；SSP 原理资料不是当前车型维修手册。,人工核验通过,100份首屏联系表和100份内页联系表已查看；相关性确认。表格/双栏/侧栏字段为人工抽查结合自动初筛。,确认相关,人工查看首屏和内页联系表；标题、VW/VAG Service/SSP 标识及正文图示明确对应车辆系统、车型、诊断、维修或售后技术培训。,人工首屏+内页抽查,汽车售后/维修/诊断/技术培训
PDF-037,vag_030_View_document_SSP_213_New_Technology_99__a992eac118be.pdf,pdfs\vag_030_View_document_SSP_213_New_Technology_99__a992eac118be.pdf,View document [SSP 213 New Technology ‘99],https://www.vdveer-engineering.nl/edocmanviewer/SSP_213_New_Technology_‘99.pdf,3432390,a992eac118be7b3272b2f1eed3f79236685db7b74a77502c66c7226d2bae9fa5,通过,72,否,12,是,0,否,4,是,2,是,普通文本,77895,版式字段由启发式分析生成，需人工抽查；SSP 原理资料不是当前车型维修手册。,人工核验通过,100份首屏联系表和100份内页联系表已查看；相关性确认。表格/双栏/侧栏字段为人工抽查结合自动初筛。,确认相关,人工查看首屏和内页联系表；标题、VW/VAG Service/SSP 标识及正文图示明确对应车辆系统、车型、诊断、维修或售后技术培训。,人工首屏+内页抽查,汽车售后/维修/诊断/技术培训
PDF-038,vag_031_View_document_SSP_214_Painting_the_Vehicle_Pre_Treatment__17a3554e5729.pdf,pdfs\vag_031_View_document_SSP_214_Painting_the_Vehicle_Pre_Treatment__17a3554e5729.pdf,View document [SSP 214 Painting the Vehicle Pre Treatment],https://www.vdveer-engineering.nl/edocmanviewer/SSP_214_Painting_the_Vehicle_Pre_Treatment.pdf,975735,17a3554e5729114176a6dab718515829e0831aff119f9efedd15acfe53797b8e,通过,52,否,41,是,0,否,3,是,3,是,图片较多,61280,版式字段由启发式分析生成，需人工抽查；SSP 原理资料不是当前车型维修手册。,人工核验通过,100份首屏联系表和100份内页联系表已查看；相关性确认。表格/双栏/侧栏字段为人工抽查结合自动初筛。,确认相关,人工查看首屏和内页联系表；标题、VW/VAG Service/SSP 标识及正文图示明确对应车辆系统、车型、诊断、维修或售后技术培训。,人工首屏+内页抽查,汽车售后/维修/诊断/技术培训
PDF-039,vag_032_View_document_SSP_215_Painting_the_Vehicle_The_Topcoat__e5422d162e5b.pdf,pdfs\vag_032_View_document_SSP_215_Painting_the_Vehicle_The_Topcoat__e5422d162e5b.pdf,View document [SSP 215 Painting the Vehicle The Topcoat],https://www.vdveer-engineering.nl/edocmanviewer/SSP_215_Painting_the_Vehicle_The_Topcoat.pdf,2984578,e5422d162e5b6653507364d1346c323676917b41cd110802f17b5d5e69d66033,通过,52,否,34,是,0,否,3,是,0,否,图片较多,53427,版式字段由启发式分析生成，需人工抽查；SSP 原理资料不是当前车型维修手册。,人工核验通过,100份首屏联系表和100份内页联系表已查看；相关性确认。表格/双栏/侧栏字段为人工抽查结合自动初筛。,确认相关,人工查看首屏和内页联系表；标题、VW/VAG Service/SSP 标识及正文图示明确对应车辆系统、车型、诊断、维修或售后技术培训。,人工首屏+内页抽查,汽车售后/维修/诊断/技术培训
PDF-040,vag_033_View_document_SSP_216_Body_-_LUPO_3L__e0655ce9a381.pdf,pdfs\vag_033_View_document_SSP_216_Body_-_LUPO_3L__e0655ce9a381.pdf,View document [SSP 216 Body - LUPO 3L],https://www.vdveer-engineering.nl/edocmanviewer/SSP_216_Body_-_LUPO_3L.pdf,1353573,e0655ce9a381010b4e158a6cd5d837ba4d2f855bd30f4fbc6042a8894cc3555c,通过,36,否,11,是,0,否,1,是,0,否,普通文本,33235,版式字段由启发式分析生成，需人工抽查；SSP 原理资料不是当前车型维修手册。,人工核验通过,100份首屏联系表和100份内页联系表已查看；相关性确认。表格/双栏/侧栏字段为人工抽查结合自动初筛。,确认相关,人工查看首屏和内页联系表；标题、VW/VAG Service/SSP 标识及正文图示明确对应车辆系统、车型、诊断、维修或售后技术培训。,人工首屏+内页抽查,汽车售后/维修/诊断/技术培训
PDF-041,vag_034_View_document_SSP_217_The_V8-5V_Engine__c6d04ffe3378.pdf,pdfs\vag_034_View_document_SSP_217_The_V8-5V_Engine__c6d04ffe3378.pdf,View document [SSP 217 The V8-5V Engine],https://www.vdveer-engineering.nl/edocmanviewer/SSP_217_The_V8-5V_Engine.pdf,3857169,c6d04ffe3378d6365e3a2175c05cc3f65b8c50301a882fce9ad1663da7aaa0ad,通过,52,否,14,是,0,否,2,是,5,是,普通文本,41429,版式字段由启发式分析生成，需人工抽查；SSP 原理资料不是当前车型维修手册。,人工核验通过,100份首屏联系表和100份内页联系表已查看；相关性确认。表格/双栏/侧栏字段为人工抽查结合自动初筛。,确认相关,人工查看首屏和内页联系表；标题、VW/VAG Service/SSP 标识及正文图示明确对应车辆系统、车型、诊断、维修或售后技术培训。,人工首屏+内页抽查,汽车售后/维修/诊断/技术培训
PDF-042,vag_035_View_document_SSP_218_The_Lupo_3L__5397a301b89f.pdf,pdfs\vag_035_View_document_SSP_218_The_Lupo_3L__5397a301b89f.pdf,View document [SSP 218 The Lupo 3L],https://www.vdveer-engineering.nl/edocmanviewer/SSP_218_The_Lupo_3L.pdf,3188683,5397a301b89fdb382a1dac9c0503b10fd430cf4c767403c39fce251167c272b1,通过,56,否,18,是,0,否,1,是,0,否,普通文本,50834,版式字段由启发式分析生成，需人工抽查；SSP 原理资料不是当前车型维修手册。,人工核验通过,100份首屏联系表和100份内页联系表已查看；相关性确认。表格/双栏/侧栏字段为人工抽查结合自动初筛。,确认相关,人工查看首屏和内页联系表；标题、VW/VAG Service/SSP 标识及正文图示明确对应车辆系统、车型、诊断、维修或售后技术培训。,人工首屏+内页抽查,汽车售后/维修/诊断/技术培训
PDF-043,vag_036_View_document_SSP_219_Tyre_Pressure_Monitoring_System__f133bf151e74.pdf,pdfs\vag_036_View_document_SSP_219_Tyre_Pressure_Monitoring_System__f133bf151e74.pdf,View document [SSP 219 Tyre Pressure Monitoring System],https://www.vdveer-engineering.nl/edocmanviewer/SSP_219_Tyre_Pressure_Monitoring_System.pdf,1622078,f133bf151e749a93c84cd9d4a491e24f1921a7667cec67c42817de1d150f8806,通过,36,否,2,是,0,否,8,是,3,是,普通文本,38320,版式字段由启发式分析生成，需人工抽查；SSP 原理资料不是当前车型维修手册。,人工核验通过,100份首屏联系表和100份内页联系表已查看；相关性确认。表格/双栏/侧栏字段为人工抽查结合自动初筛。,确认相关,人工查看首屏和内页联系表；标题、VW/VAG Service/SSP 标识及正文图示明确对应车辆系统、车型、诊断、维修或售后技术培训。,人工首屏+内页抽查,汽车售后/维修/诊断/技术培训
PDF-044,vag_037_View_document_SSP_220_Audi_TT_roadster__eeedc06edd2b.pdf,pdfs\vag_037_View_document_SSP_220_Audi_TT_roadster__eeedc06edd2b.pdf,View document [SSP 220 Audi TT roadster],https://www.vdveer-engineering.nl/edocmanviewer/SSP_220_Audi_TT_roadster.pdf,3204470,eeedc06edd2b90d872a31c7c50826d5822a49c4709a02aecaff4aecb06f73790,通过,32,否,4,是,0,否,5,是,1,是,普通文本,16511,版式字段由启发式分析生成，需人工抽查；SSP 原理资料不是当前车型维修手册。,人工核验通过,100份首屏联系表和100份内页联系表已查看；相关性确认。表格/双栏/侧栏字段为人工抽查结合自动初筛。,确认相关,人工查看首屏和内页联系表；标题、VW/VAG Service/SSP 标识及正文图示明确对应车辆系统、车型、诊断、维修或售后技术培训。,人工首屏+内页抽查,汽车售后/维修/诊断/技术培训
PDF-045,vag_038_View_document_SSP_221_Electronic_Manual_Gearbox__dc61e15bf743.pdf,pdfs\vag_038_View_document_SSP_221_Electronic_Manual_Gearbox__dc61e15bf743.pdf,View document [SSP 221 Electronic Manual Gearbox],https://www.vdveer-engineering.nl/edocmanviewer/SSP_221_Electronic_Manual_Gearbox.pdf,2004411,dc61e15bf743566a441d69d91a32bd85e473ff1e198ffd5830d877599511c124,通过,56,否,4,是,1,是,2,是,0,否,普通文本,29290,版式字段由启发式分析生成，需人工抽查；SSP 原理资料不是当前车型维修手册。,人工核验通过,100份首屏联系表和100份内页联系表已查看；相关性确认。表格/双栏/侧栏字段为人工抽查结合自动初筛。,确认相关,人工查看首屏和内页联系表；标题、VW/VAG Service/SSP 标识及正文图示明确对应车辆系统、车型、诊断、维修或售后技术培训。,人工首屏+内页抽查,汽车售后/维修/诊断/技术培训
PDF-046,vag_039_View_document_SSP_222_Electronically_Mapped_Cooling_System__3ba023b70a10.pdf,pdfs\vag_039_View_document_SSP_222_Electronically_Mapped_Cooling_System__3ba023b70a10.pdf,View document [SSP 222 Electronically Mapped Cooling System],https://www.vdveer-engineering.nl/edocmanviewer/SSP_222_Electronically_Mapped_Cooling_System.pdf,1413621,3ba023b70a101173cf3b6ae338d57e12344db00245ee097bf944e537c31cb0ad,通过,28,否,2,是,0,否,2,是,1,是,普通文本,27011,版式字段由启发式分析生成，需人工抽查；SSP 原理资料不是当前车型维修手册。,人工核验通过,100份首屏联系表和100份内页联系表已查看；相关性确认。表格/双栏/侧栏字段为人工抽查结合自动初筛。,确认相关,人工查看首屏和内页联系表；标题、VW/VAG Service/SSP 标识及正文图示明确对应车辆系统、车型、诊断、维修或售后技术培训。,人工首屏+内页抽查,汽车售后/维修/诊断/技术培训
PDF-047,vag_040_View_document_SSP_223_The_1.2l_and_1.4l_TDI_engines__7eb3582f3013.pdf,pdfs\vag_040_View_document_SSP_223_The_1.2l_and_1.4l_TDI_engines__7eb3582f3013.pdf,View document [SSP 223 The 1.2l and 1.4l TDI engines],https://www.vdveer-engineering.nl/edocmanviewer/SSP_223_The_1_2l_and_1_4l_TDI_engines.pdf,3990397,7eb3582f301313da7ee3a0789f6e07ca55ec0dc3a0b8dc7fd6cab6ad9341336e,通过,88,否,38,是,0,否,8,是,5,是,普通文本,76513,版式字段由启发式分析生成，需人工抽查；SSP 原理资料不是当前车型维修手册。,人工核验通过,100份首屏联系表和100份内页联系表已查看；相关性确认。表格/双栏/侧栏字段为人工抽查结合自动初筛。,确认相关,人工查看首屏和内页联系表；标题、VW/VAG Service/SSP 标识及正文图示明确对应车辆系统、车型、诊断、维修或售后技术培训。,人工首屏+内页抽查,汽车售后/维修/诊断/技术培训
PDF-048,vag_041_View_document_SSP_224_Service_Interval_Extension__a8ea3b254149.pdf,pdfs\vag_041_View_document_SSP_224_Service_Interval_Extension__a8ea3b254149.pdf,View document [SSP 224 Service Interval Extension],https://www.vdveer-engineering.nl/edocmanviewer/SSP_224_Service_Interval_Extension.pdf,1667329,a8ea3b25414927bedecd15ab7cf1da7d7aa2f85b47d91621d95261f9d3ab519a,通过,32,否,8,是,0,否,7,是,0,否,普通文本,24752,版式字段由启发式分析生成，需人工抽查；SSP 原理资料不是当前车型维修手册。,人工核验通过,100份首屏联系表和100份内页联系表已查看；相关性确认。表格/双栏/侧栏字段为人工抽查结合自动初筛。,确认相关,人工查看首屏和内页联系表；标题、VW/VAG Service/SSP 标识及正文图示明确对应车辆系统、车型、诊断、维修或售后技术培训。,人工首屏+内页抽查,汽车售后/维修/诊断/技术培训
PDF-049,vag_042_View_document_SSP_225_The_electro_mechanical_power_steering_system__ff87cccb3564.pdf,pdfs\vag_042_View_document_SSP_225_The_electro_mechanical_power_steering_system__ff87cccb3564.pdf,View document [SSP 225 The electro mechanical power steering system],https://www.vdveer-engineering.nl/edocmanviewer/SSP_225_The_electro_mechanical_power_steering_system.pdf,1542630,ff87cccb3564d03a679133a1f8e739b15d59cf21b5750da6dae697dc72bf1919,通过,24,否,4,是,0,否,1,是,1,是,普通文本,16882,版式字段由启发式分析生成，需人工抽查；SSP 原理资料不是当前车型维修手册。,人工核验通过,100份首屏联系表和100份内页联系表已查看；相关性确认。表格/双栏/侧栏字段为人工抽查结合自动初筛。,确认相关,人工查看首屏和内页联系表；标题、VW/VAG Service/SSP 标识及正文图示明确对应车辆系统、车型、诊断、维修或售后技术培训。,人工首屏+内页抽查,汽车售后/维修/诊断/技术培训
PDF-050,vag_043_View_document_SSP_226_3_3l_V8_TDI_Engine_Mechanicals__69c33236684d.pdf,pdfs\vag_043_View_document_SSP_226_3_3l_V8_TDI_Engine_Mechanicals__69c33236684d.pdf,"View document [SSP 226 3,3l V8 TDI Engine Mechanicals]","https://www.vdveer-engineering.nl/edocmanviewer/SSP_226_3,3l_V8_TDI_Engine_Mechanicals.pdf",9611485,69c33236684deee076c641006f03e99fd80301a7af529d37e638c4e3b237eb75,通过,36,否,15,是,0,否,0,否,1,是,普通文本,21624,版式字段由启发式分析生成，需人工抽查；SSP 原理资料不是当前车型维修手册。,人工核验通过,100份首屏联系表和100份内页联系表已查看；相关性确认。表格/双栏/侧栏字段为人工抽查结合自动初筛。,确认相关,人工查看首屏和内页联系表；标题、VW/VAG Service/SSP 标识及正文图示明确对应车辆系统、车型、诊断、维修或售后技术培训。,人工首屏+内页抽查,汽车售后/维修/诊断/技术培训
PDF-051,vag_044_View_document_SSP_227_3_3_l_V8_TDI_Common_Rail_Injection_System__f9eef9a10afb.pdf,pdfs\vag_044_View_document_SSP_227_3_3_l_V8_TDI_Common_Rail_Injection_System__f9eef9a10afb.pdf,"View document [SSP 227 3,3 l V8 TDI Common Rail Injection System]","https://www.vdveer-engineering.nl/edocmanviewer/SSP_227_3,3_l_V8_TDI_Common_Rail_Injection_System.pdf",1862706,f9eef9a10afbc6101ed0bfa544739cb9de412123bf60d543405351bbeea4cada,通过,36,否,5,是,0,否,3,是,2,是,普通文本,31510,版式字段由启发式分析生成，需人工抽查；SSP 原理资料不是当前车型维修手册。,人工核验通过,100份首屏联系表和100份内页联系表已查看；相关性确认。表格/双栏/侧栏字段为人工抽查结合自动初筛。,确认相关,人工查看首屏和内页联系表；标题、VW/VAG Service/SSP 标识及正文图示明确对应车辆系统、车型、诊断、维修或售后技术培训。,人工首屏+内页抽查,汽车售后/维修/诊断/技术培训
PDF-052,vag_045_View_document_SSP_228_Variable_Automatic_Gearbox_multitronic_01J__883be7a09c5d.pdf,pdfs\vag_045_View_document_SSP_228_Variable_Automatic_Gearbox_multitronic_01J__883be7a09c5d.pdf,View document [SSP 228 Variable Automatic Gearbox multitronic® 01J],https://www.vdveer-engineering.nl/edocmanviewer/SSP_228_Variable_Automatic_Gearbox_multitronic®_01J.pdf,8333875,883be7a09c5d5df6c6d841482c0de4d75c637da3dc16acc73b1dfdd1b60c774a,通过,100,否,10,是,0,否,5,是,6,是,普通文本,103129,版式字段由启发式分析生成，需人工抽查；SSP 原理资料不是当前车型维修手册。,人工核验通过,100份首屏联系表和100份内页联系表已查看；相关性确认。表格/双栏/侧栏字段为人工抽查结合自动初筛。,确认相关,人工查看首屏和内页联系表；标题、VW/VAG Service/SSP 标识及正文图示明确对应车辆系统、车型、诊断、维修或售后技术培训。,人工首屏+内页抽查,汽车售后/维修/诊断/技术培训
PDF-053,vag_046_View_document_SSP_230_Motor_Vehicle_Exhaust_Emissions__70592415c1b8.pdf,pdfs\vag_046_View_document_SSP_230_Motor_Vehicle_Exhaust_Emissions__70592415c1b8.pdf,View document [SSP 230 Motor Vehicle Exhaust Emissions],https://www.vdveer-engineering.nl/edocmanviewer/SSP_230_Motor_Vehicle_Exhaust_Emissions.pdf,1206329,70592415c1b89bdc17d2be0f007178c01db2a16fa264722fd5e43b5f9d0e5369,通过,28,否,5,是,0,否,0,否,0,否,普通文本,33356,版式字段由启发式分析生成，需人工抽查；SSP 原理资料不是当前车型维修手册。,人工核验通过,100份首屏联系表和100份内页联系表已查看；相关性确认。表格/双栏/侧栏字段为人工抽查结合自动初筛。,确认相关,人工查看首屏和内页联系表；标题、VW/VAG Service/SSP 标识及正文图示明确对应车辆系统、车型、诊断、维修或售后技术培训。,人工首屏+内页抽查,汽车售后/维修/诊断/技术培训
PDF-054,vag_047_View_document_SSP_231_Euro_On-Board_Diagnostic_System__4e829bc1b790.pdf,pdfs\vag_047_View_document_SSP_231_Euro_On-Board_Diagnostic_System__4e829bc1b790.pdf,View document [SSP 231 Euro On-Board Diagnostic System],https://www.vdveer-engineering.nl/edocmanviewer/SSP_231_Euro_On-Board_Diagnostic_System.pdf,1132496,4e829bc1b790e74b8c89f921b8361bfe72dead5f72f41a74d076a61ac0cebb12,通过,48,否,3,是,0,否,1,是,0,否,普通文本,50229,版式字段由启发式分析生成，需人工抽查；SSP 原理资料不是当前车型维修手册。,人工核验通过,100份首屏联系表和100份内页联系表已查看；相关性确认。表格/双栏/侧栏字段为人工抽查结合自动初筛。,确认相关,人工查看首屏和内页联系表；标题、VW/VAG Service/SSP 标识及正文图示明确对应车辆系统、车型、诊断、维修或售后技术培训。,人工首屏+内页抽查,汽车售后/维修/诊断/技术培训
PDF-055,vag_048_View_document_SSP_232_5_speed_Automatic_Gearbox__c18702d6809e.pdf,pdfs\vag_048_View_document_SSP_232_5_speed_Automatic_Gearbox__c18702d6809e.pdf,View document [SSP 232 5 speed Automatic Gearbox],https://www.vdveer-engineering.nl/edocmanviewer/SSP_232_5_speed_Automatic_Gearbox.pdf,4035592,c18702d6809eee96138087ea5978d31dca92a17a5c3e2f6c10ef59e96905ac06,通过,72,否,16,是,0,否,1,是,0,否,普通文本,42754,版式字段由启发式分析生成，需人工抽查；SSP 原理资料不是当前车型维修手册。,人工核验通过,100份首屏联系表和100份内页联系表已查看；相关性确认。表格/双栏/侧栏字段为人工抽查结合自动初筛。,确认相关,人工查看首屏和内页联系表；标题、VW/VAG Service/SSP 标识及正文图示明确对应车辆系统、车型、诊断、维修或售后技术培训。,人工首屏+内页抽查,汽车售后/维修/诊断/技术培训
PDF-056,vag_049_View_document_SSP_233_20_litre_Engine__814455711e01.pdf,pdfs\vag_049_View_document_SSP_233_20_litre_Engine__814455711e01.pdf,View document [SSP 233 20 litre Engine],https://www.vdveer-engineering.nl/edocmanviewer/SSP_233_2_0_litre_Engine.pdf,3263091,814455711e01f76e0637b06a4a406663a5bca23940695cf82d15f6ac40ccd263,通过,41,否,7,是,0,否,2,是,1,是,普通文本,39753,版式字段由启发式分析生成，需人工抽查；SSP 原理资料不是当前车型维修手册。,人工核验通过,100份首屏联系表和100份内页联系表已查看；相关性确认。表格/双栏/侧栏字段为人工抽查结合自动初筛。,确认相关,人工查看首屏和内页联系表；标题、VW/VAG Service/SSP 标识及正文图示明确对应车辆系统、车型、诊断、维修或售后技术培训。,人工首屏+内页抽查,汽车售后/维修/诊断/技术培训
PDF-057,vag_050_View_document_SSP_234_Vehicle_batteries__8d17900a5675.pdf,pdfs\vag_050_View_document_SSP_234_Vehicle_batteries__8d17900a5675.pdf,View document [SSP 234 Vehicle batteries],https://www.vdveer-engineering.nl/edocmanviewer/SSP_234_Vehicle_batteries.pdf,1245700,8d17900a567554d139673bb329069d491746622bf5acf8039afd999b28f585f3,通过,56,否,44,是,0,否,1,是,2,是,图片较多,75173,版式字段由启发式分析生成，需人工抽查；SSP 原理资料不是当前车型维修手册。,人工核验通过,100份首屏联系表和100份内页联系表已查看；相关性确认。表格/双栏/侧栏字段为人工抽查结合自动初筛。,确认相关,人工查看首屏和内页联系表；标题、VW/VAG Service/SSP 标识及正文图示明确对应车辆系统、车型、诊断、维修或售后技术培训。,人工首屏+内页抽查,汽车售后/维修/诊断/技术培训
PDF-058,vag_051_View_document_SSP_235_The_Multi_Function_Steering_Wheel__3f4be5a676d2.pdf,pdfs\vag_051_View_document_SSP_235_The_Multi_Function_Steering_Wheel__3f4be5a676d2.pdf,View document [SSP 235 The Multi Function Steering Wheel],https://www.vdveer-engineering.nl/edocmanviewer/SSP_235_The_Multi_Function_Steering_Wheel.pdf,3341591,3f4be5a676d2f1e166df1b4cae5bf606c7fd67196f3582450bdbc141537d5559,通过,20,否,2,是,0,否,4,是,1,是,普通文本,14173,版式字段由启发式分析生成，需人工抽查；SSP 原理资料不是当前车型维修手册。,人工核验通过,100份首屏联系表和100份内页联系表已查看；相关性确认。表格/双栏/侧栏字段为人工抽查结合自动初筛。,确认相关,人工查看首屏和内页联系表；标题、VW/VAG Service/SSP 标识及正文图示明确对应车辆系统、车型、诊断、维修或售后技术培训。,人工首屏+内页抽查,汽车售后/维修/诊断/技术培训
PDF-059,vag_052_View_document_SSP_237_Manual_gearbox_02T__f096111409e9.pdf,pdfs\vag_052_View_document_SSP_237_Manual_gearbox_02T__f096111409e9.pdf,View document [SSP 237 Manual gearbox 02T],https://www.vdveer-engineering.nl/edocmanviewer/SSP_237_Manual_gearbox_02T.pdf,3271206,f096111409e9a44c60bb12275fb2b6ba7f0a573503689e837493baf33ff32fd0,通过,32,否,2,是,0,否,2,是,0,否,普通文本,24640,版式字段由启发式分析生成，需人工抽查；SSP 原理资料不是当前车型维修手册。,人工核验通过,100份首屏联系表和100份内页联系表已查看；相关性确认。表格/双栏/侧栏字段为人工抽查结合自动初筛。,确认相关,人工查看首屏和内页联系表；标题、VW/VAG Service/SSP 标识及正文图示明确对应车辆系统、车型、诊断、维修或售后技术培训。,人工首屏+内页抽查,汽车售后/维修/诊断/技术培训
PDF-060,vag_053_View_document_SSP_238_Data_Exchange_On_The_CAN_Bus_I__43d72a336a5e.pdf,pdfs\vag_053_View_document_SSP_238_Data_Exchange_On_The_CAN_Bus_I__43d72a336a5e.pdf,View document [SSP 238 Data Exchange On The CAN Bus I],https://www.vdveer-engineering.nl/edocmanviewer/SSP_238_Data_Exchange_On_The_CAN_Bus_I.pdf,1147804,43d72a336a5edeca14d9381319df1f0da720e08424358eb9562aae2e8050dcb2,通过,32,否,8,是,0,否,0,否,1,是,普通文本,31382,版式字段由启发式分析生成，需人工抽查；SSP 原理资料不是当前车型维修手册。,人工核验通过,100份首屏联系表和100份内页联系表已查看；相关性确认。表格/双栏/侧栏字段为人工抽查结合自动初筛。,确认相关,人工查看首屏和内页联系表；标题、VW/VAG Service/SSP 标识及正文图示明确对应车辆系统、车型、诊断、维修或售后技术培训。,人工首屏+内页抽查,汽车售后/维修/诊断/技术培训
PDF-061,vag_054_View_document_SSP_239_Audi_A2_Body__5c1a85cd97e2.pdf,pdfs\vag_054_View_document_SSP_239_Audi_A2_Body__5c1a85cd97e2.pdf,View document [SSP 239 Audi A2 Body],https://www.vdveer-engineering.nl/edocmanviewer/SSP_239_Audi_A2_Body.pdf,4140546,5c1a85cd97e2e52028264111cb7c68c68e3c30a1c4074e34955558c1b71d925d,通过,64,否,39,是,0,否,0,否,0,否,普通文本,50379,版式字段由启发式分析生成，需人工抽查；SSP 原理资料不是当前车型维修手册。,人工核验通过,100份首屏联系表和100份内页联系表已查看；相关性确认。表格/双栏/侧栏字段为人工抽查结合自动初筛。,确认相关,人工查看首屏和内页联系表；标题、VW/VAG Service/SSP 标识及正文图示明确对应车辆系统、车型、诊断、维修或售后技术培训。,人工首屏+内页抽查,汽车售后/维修/诊断/技术培训
PDF-062,vag_055_View_document_SSP_240_AUDI_A2_Technology__203415dd629f.pdf,pdfs\vag_055_View_document_SSP_240_AUDI_A2_Technology__203415dd629f.pdf,View document [SSP 240 AUDI A2 Technology],https://www.vdveer-engineering.nl/edocmanviewer/SSP_240_AUDI_A2_Technology.pdf,4440098,203415dd629f77fc5d44df1875d87e2784366ada36e14d6b4c98ca9574e9718f,通过,80,否,42,是,0,否,2,是,6,是,普通文本,79770,版式字段由启发式分析生成，需人工抽查；SSP 原理资料不是当前车型维修手册。,人工核验通过,100份首屏联系表和100份内页联系表已查看；相关性确认。表格/双栏/侧栏字段为人工抽查结合自动初筛。,确认相关,人工查看首屏和内页联系表；标题、VW/VAG Service/SSP 标识及正文图示明确对应车辆系统、车型、诊断、维修或售后技术培训。,人工首屏+内页抽查,汽车售后/维修/诊断/技术培训
PDF-063,vag_056_View_document_SSP_241_The_Audi_allroad_quattro_with_additional_shift_stage__75ed2a571ab4.pdf,pdfs\vag_056_View_document_SSP_241_The_Audi_allroad_quattro_with_additional_shift_stage__75ed2a571ab4.pdf,View document [SSP 241 The Audi allroad quattro with additional shift stage],https://www.vdveer-engineering.nl/edocmanviewer/SSP_241_The_Audi_allroad_quattro_with_additional_shift_stage.pdf,5372142,75ed2a571ab4388fe4c6bfc2081e254c6993a8e7d7533f1f59f5576edffd4b80,通过,76,否,55,是,1,是,2,是,3,是,图片较多,68984,版式字段由启发式分析生成，需人工抽查；SSP 原理资料不是当前车型维修手册。,人工核验通过,100份首屏联系表和100份内页联系表已查看；相关性确认。表格/双栏/侧栏字段为人工抽查结合自动初筛。,确认相关,人工查看首屏和内页联系表；标题、VW/VAG Service/SSP 标识及正文图示明确对应车辆系统、车型、诊断、维修或售后技术培训。,人工首屏+内页抽查,汽车售后/维修/诊断/技术培训
PDF-064,vag_057_View_document_SSP_242_Pneumatic_suspension_system_Part_1__0a802ea58df4.pdf,pdfs\vag_057_View_document_SSP_242_Pneumatic_suspension_system_Part_1__0a802ea58df4.pdf,View document [SSP 242 Pneumatic suspension system Part 1],https://www.vdveer-engineering.nl/edocmanviewer/SSP_242_Pneumatic_suspension_system_Part_1.pdf,3993764,0a802ea58df4cc2e50e5c159cc31da7ef1ec09af62c858d2714be6cdc3dc4617,通过,64,否,20,是,0,否,0,否,0,否,普通文本,62423,版式字段由启发式分析生成，需人工抽查；SSP 原理资料不是当前车型维修手册。,人工核验通过,100份首屏联系表和100份内页联系表已查看；相关性确认。表格/双栏/侧栏字段为人工抽查结合自动初筛。,确认相关,人工查看首屏和内页联系表；标题、VW/VAG Service/SSP 标识及正文图示明确对应车辆系统、车型、诊断、维修或售后技术培训。,人工首屏+内页抽查,汽车售后/维修/诊断/技术培训
PDF-065,vag_058_View_document_SSP_243_Pneumatic_suspension_system_Part_2__a7613e554788.pdf,pdfs\vag_058_View_document_SSP_243_Pneumatic_suspension_system_Part_2__a7613e554788.pdf,View document [SSP 243 Pneumatic suspension system Part 2],https://www.vdveer-engineering.nl/edocmanviewer/SSP_243_Pneumatic_suspension_system_Part_2.pdf,3259674,a7613e55478868c55ea70329fefc8b30f07854c04df86051267d055e1f64331b,通过,44,否,24,是,1,是,0,否,0,否,普通文本,48697,版式字段由启发式分析生成，需人工抽查；SSP 原理资料不是当前车型维修手册。,人工核验通过,100份首屏联系表和100份内页联系表已查看；相关性确认。表格/双栏/侧栏字段为人工抽查结合自动初筛。,确认相关,人工查看首屏和内页联系表；标题、VW/VAG Service/SSP 标识及正文图示明确对应车辆系统、车型、诊断、维修或售后技术培训。,人工首屏+内页抽查,汽车售后/维修/诊断/技术培训
PDF-066,vag_059_View_document_SSP_244_Audi_RS6__1a4ebfd0201a.pdf,pdfs\vag_059_View_document_SSP_244_Audi_RS6__1a4ebfd0201a.pdf,View document [SSP 244 Audi RS6],https://www.vdveer-engineering.nl/edocmanviewer/SSP_244_Audi_RS6.pdf,1118485,1a4ebfd0201abb97c5f08375ece7c5f348fb3ddbdeb741172f0e76be4b868c3d,通过,60,否,50,是,0,否,4,是,2,是,图片较多,51076,版式字段由启发式分析生成，需人工抽查；SSP 原理资料不是当前车型维修手册。,人工核验通过,100份首屏联系表和100份内页联系表已查看；相关性确认。表格/双栏/侧栏字段为人工抽查结合自动初筛。,确认相关,人工查看首屏和内页联系表；标题、VW/VAG Service/SSP 标识及正文图示明确对应车辆系统、车型、诊断、维修或售后技术培训。,人工首屏+内页抽查,汽车售后/维修/诊断/技术培训
PDF-067,vag_060_View_document_SSP_245_Audi_RS4__6b65c68a3462.pdf,pdfs\vag_060_View_document_SSP_245_Audi_RS4__6b65c68a3462.pdf,View document [SSP 245 Audi RS4],https://www.vdveer-engineering.nl/edocmanviewer/SSP_245_Audi_RS4.pdf,11423998,6b65c68a346212d1a6b35cdf2bdcae6ccaec7796f9e4bb0e8e78cafcc76d8951,通过,39,是,39,是,0,否,0,否,0,否,扫描件/图片型,663,版式字段由启发式分析生成，需人工抽查；SSP 原理资料不是当前车型维修手册。,人工核验通过,100份首屏联系表和100份内页联系表已查看；相关性确认。表格/双栏/侧栏字段为人工抽查结合自动初筛。,确认相关,人工查看首屏和内页联系表；标题、VW/VAG Service/SSP 标识及正文图示明确对应车辆系统、车型、诊断、维修或售后技术培训。,人工首屏+内页抽查,汽车售后/维修/诊断/技术培训
PDF-068,vag_061_View_document_SSP_246_Variable_Valve_Timing_VVT__e1cf68ca9ea5.pdf,pdfs\vag_061_View_document_SSP_246_Variable_Valve_Timing_VVT__e1cf68ca9ea5.pdf,View document [SSP 246 Variable Valve Timing VVT],https://www.vdveer-engineering.nl/edocmanviewer/SSP_246_Variable_Valve_Timing_VVT.pdf,822551,e1cf68ca9ea56f87650fac9af7e4f531dc47dbe54baea67a1049ee5e441fe9d4,通过,30,否,28,是,0,否,1,是,0,否,图片较多,26543,版式字段由启发式分析生成，需人工抽查；SSP 原理资料不是当前车型维修手册。,人工核验通过,100份首屏联系表和100份内页联系表已查看；相关性确认。表格/双栏/侧栏字段为人工抽查结合自动初筛。,确认相关,人工查看首屏和内页联系表；标题、VW/VAG Service/SSP 标识及正文图示明确对应车辆系统、车型、诊断、维修或售后技术培训。,人工首屏+内页抽查,汽车售后/维修/诊断/技术培训
PDF-069,vag_062_View_document_SSP_247_AUDI_A2_-_Engine_and_Gearbox__f4615d961c14.pdf,pdfs\vag_062_View_document_SSP_247_AUDI_A2_-_Engine_and_Gearbox__f4615d961c14.pdf,View document [SSP 247 AUDI A2 - Engine and Gearbox],https://www.vdveer-engineering.nl/edocmanviewer/SSP_247_AUDI_A2_-_Engine_and_Gearbox.pdf,2126007,f4615d961c14baa47e0b73430d0789b875e046cb2d2ffd95b3c78c1d4685b0cd,通过,44,否,34,是,0,否,4,是,3,是,图片较多,36209,版式字段由启发式分析生成，需人工抽查；SSP 原理资料不是当前车型维修手册。,人工核验通过,100份首屏联系表和100份内页联系表已查看；相关性确认。表格/双栏/侧栏字段为人工抽查结合自动初筛。,确认相关,人工查看首屏和内页联系表；标题、VW/VAG Service/SSP 标识及正文图示明确对应车辆系统、车型、诊断、维修或售后技术培训。,人工首屏+内页抽查,汽车售后/维修/诊断/技术培训
PDF-070,vag_063_View_document_SSP_248_The_W_Engine_Concept__ae8fb441ad57.pdf,pdfs\vag_063_View_document_SSP_248_The_W_Engine_Concept__ae8fb441ad57.pdf,View document [SSP 248 The W Engine Concept],https://www.vdveer-engineering.nl/edocmanviewer/SSP_248_The_W_Engine_Concept.pdf,3904721,ae8fb441ad57cb3f9dd0da9ac3ef9ed2e107b43e33607b0b05139ddabff005d3,通过,64,否,56,是,1,是,4,是,1,是,图片较多,42866,版式字段由启发式分析生成，需人工抽查；SSP 原理资料不是当前车型维修手册。,人工核验通过,100份首屏联系表和100份内页联系表已查看；相关性确认。表格/双栏/侧栏字段为人工抽查结合自动初筛。,确认相关,人工查看首屏和内页联系表；标题、VW/VAG Service/SSP 标识及正文图示明确对应车辆系统、车型、诊断、维修或售后技术培训。,人工首屏+内页抽查,汽车售后/维修/诊断/技术培训
PDF-071,vag_064_View_document_SSP_249_Engine_Management_of_the_W8_Engine_in_the_Passat__af255cf8ceb2.pdf,pdfs\vag_064_View_document_SSP_249_Engine_Management_of_the_W8_Engine_in_the_Passat__af255cf8ceb2.pdf,View document [SSP 249 Engine Management of the W8 Engine in the Passat],https://www.vdveer-engineering.nl/edocmanviewer/SSP_249_Engine_Management_of_the_W8_Engine_in_the_Passat.pdf,1450790,af255cf8ceb2aaa2ff0ccdf7747f3eddc0e39161327be72971161940b19330d5,通过,52,否,52,是,0,否,0,否,1,是,图片较多,67359,版式字段由启发式分析生成，需人工抽查；SSP 原理资料不是当前车型维修手册。,人工核验通过,100份首屏联系表和100份内页联系表已查看；相关性确认。表格/双栏/侧栏字段为人工抽查结合自动初筛。,确认相关,人工查看首屏和内页联系表；标题、VW/VAG Service/SSP 标识及正文图示明确对应车辆系统、车型、诊断、维修或售后技术培训。,人工首屏+内页抽查,汽车售后/维修/诊断/技术培训
PDF-072,vag_065_View_document_SSP_250_Engine_Management_for_the_Phaeton_W12_Engine__7b3a21c1d56d.pdf,pdfs\vag_065_View_document_SSP_250_Engine_Management_for_the_Phaeton_W12_Engine__7b3a21c1d56d.pdf,View document [SSP 250 Engine Management for the Phaeton W12 Engine],https://www.vdveer-engineering.nl/edocmanviewer/SSP_250_Engine_Management_for_the_Phaeton_W12_Engine.pdf,2009006,7b3a21c1d56d063c4d6b056dfb0cb103ea947b8ad837e8eb27436db11009611c,通过,68,否,53,是,0,否,3,是,4,是,图片较多,55208,版式字段由启发式分析生成，需人工抽查；SSP 原理资料不是当前车型维修手册。,人工核验通过,100份首屏联系表和100份内页联系表已查看；相关性确认。表格/双栏/侧栏字段为人工抽查结合自动初筛。,确认相关,人工查看首屏和内页联系表；标题、VW/VAG Service/SSP 标识及正文图示明确对应车辆系统、车型、诊断、维修或售后技术培训。,人工首屏+内页抽查,汽车售后/维修/诊断/技术培训
PDF-073,vag_066_View_document_SSP_251_Passat_B55__2aa04eab1717.pdf,pdfs\vag_066_View_document_SSP_251_Passat_B55__2aa04eab1717.pdf,View document [SSP 251 Passat B55],https://www.vdveer-engineering.nl/edocmanviewer/SSP_251_Passat_B5_5.pdf,4745955,2aa04eab171767843e8ee07ee2af658ac933cfb0c99b752becf030a8250c1c2d,通过,64,否,23,是,1,是,0,否,2,是,普通文本,48219,版式字段由启发式分析生成，需人工抽查；SSP 原理资料不是当前车型维修手册。,人工核验通过,100份首屏联系表和100份内页联系表已查看；相关性确认。表格/双栏/侧栏字段为人工抽查结合自动初筛。,确认相关,人工查看首屏和内页联系表；标题、VW/VAG Service/SSP 标识及正文图示明确对应车辆系统、车型、诊断、维修或售后技术培训。,人工首屏+内页抽查,汽车售后/维修/诊断/技术培训
PDF-074,vag_067_View_document_SSP_252_1.4l_77_kW_Engine_with_Petrol_Direct_Injection_System_in_the_Lupo__d3795a715926.pdf,pdfs\vag_067_View_document_SSP_252_1.4l_77_kW_Engine_with_Petrol_Direct_Injection_System_in_the_Lupo__d3795a715926.pdf,View document [SSP 252 1.4l 77 kW Engine with Petrol Direct Injection System in the Lupo],https://www.vdveer-engineering.nl/edocmanviewer/SSP_252_1_4l_77_kW_Engine_with_Petrol_Direct_Injection_System_in_the_Lupo.pdf,1339496,d3795a715926e9f6094c68bcdde288fdeeae0ea1e46b61e522499092551e0731,通过,56,否,52,是,0,否,5,是,1,是,图片较多,58355,版式字段由启发式分析生成，需人工抽查；SSP 原理资料不是当前车型维修手册。,人工核验通过,100份首屏联系表和100份内页联系表已查看；相关性确认。表格/双栏/侧栏字段为人工抽查结合自动初筛。,确认相关,人工查看首屏和内页联系表；标题、VW/VAG Service/SSP 标识及正文图示明确对应车辆系统、车型、诊断、维修或售后技术培训。,人工首屏+内页抽查,汽车售后/维修/诊断/技术培训
PDF-075,vag_068_View_document_SSP_253_GDI_With_Bosch_Motronic_MED7__1a0e2de557c3.pdf,pdfs\vag_068_View_document_SSP_253_GDI_With_Bosch_Motronic_MED7__1a0e2de557c3.pdf,View document [SSP 253 GDI With Bosch Motronic MED7],https://www.vdveer-engineering.nl/edocmanviewer/SSP_253_GDI_With_Bosch_Motronic_MED7.pdf,1644903,1a0e2de557c352950dfa3ca91f74467232b2ab1ffca21cd097dbc820764b4593,通过,60,否,56,是,0,否,2,是,2,是,图片较多,70784,版式字段由启发式分析生成，需人工抽查；SSP 原理资料不是当前车型维修手册。,人工核验通过,100份首屏联系表和100份内页联系表已查看；相关性确认。表格/双栏/侧栏字段为人工抽查结合自动初筛。,确认相关,人工查看首屏和内页联系表；标题、VW/VAG Service/SSP 标识及正文图示明确对应车辆系统、车型、诊断、维修或售后技术培训。,人工首屏+内页抽查,汽车售后/维修/诊断/技术培训
PDF-076,vag_069_View_document_SSP_254_AUDI_A4_01_-_Technical_Features__473fe94cf838.pdf,pdfs\vag_069_View_document_SSP_254_AUDI_A4_01_-_Technical_Features__473fe94cf838.pdf,View document [SSP 254 AUDI A4 ´01 - Technical Features],https://www.vdveer-engineering.nl/edocmanviewer/SSP_254_AUDI_A4_´01_-_Technical_Features.pdf,10867435,473fe94cf8388cdd992800fe9b992c3d8e19a6b2fec8f0be7e82d4558b253503,通过,88,否,51,是,1,是,3,是,2,是,普通文本,89314,版式字段由启发式分析生成，需人工抽查；SSP 原理资料不是当前车型维修手册。,人工核验通过,100份首屏联系表和100份内页联系表已查看；相关性确认。表格/双栏/侧栏字段为人工抽查结合自动初筛。,确认相关,人工查看首屏和内页联系表；标题、VW/VAG Service/SSP 标识及正文图示明确对应车辆系统、车型、诊断、维修或售后技术培训。,人工首屏+内页抽查,汽车售后/维修/诊断/技术培训
PDF-077,vag_070_View_document_SSP_255_The_2_0_l_R4_and_the_3_0_l_V6_engines__e12cdaff4ecb.pdf,pdfs\vag_070_View_document_SSP_255_The_2_0_l_R4_and_the_3_0_l_V6_engines__e12cdaff4ecb.pdf,"View document [SSP 255 The 2,0 l R4 and the 3,0 l V6 engines]",https://www.vdveer-engineering.nl/edocmanviewer/SSP_255_The_2_0_l_R4_and_the_3_0_l_V6_engines.pdf,2157617,e12cdaff4ecb65a7e537e4d1d7caae9d877f1b58867aa169cb0e67b288270f76,通过,40,否,29,是,0,否,2,是,1,是,图片较多,33983,版式字段由启发式分析生成，需人工抽查；SSP 原理资料不是当前车型维修手册。,人工核验通过,100份首屏联系表和100份内页联系表已查看；相关性确认。表格/双栏/侧栏字段为人工抽查结合自动初筛。,确认相关,人工查看首屏和内页联系表；标题、VW/VAG Service/SSP 标识及正文图示明确对应车辆系统、车型、诊断、维修或售后技术培训。,人工首屏+内页抽查,汽车售后/维修/诊断/技术培训
PDF-078,vag_071_View_document_SSP_256_VAS_5052__c575056cd5ff.pdf,pdfs\vag_071_View_document_SSP_256_VAS_5052__c575056cd5ff.pdf,View document [SSP 256 VAS 5052],https://www.vdveer-engineering.nl/edocmanviewer/SSP_256_VAS_5052.pdf,1658169,c575056cd5ff081037b84f7d12d3932a73f6220c858639a7aa7525f57242617d,通过,32,否,17,是,0,否,1,是,0,否,普通文本,40722,版式字段由启发式分析生成，需人工抽查；SSP 原理资料不是当前车型维修手册。,人工核验通过,100份首屏联系表和100份内页联系表已查看；相关性确认。表格/双栏/侧栏字段为人工抽查结合自动初筛。,确认相关,人工查看首屏和内页联系表；标题、VW/VAG Service/SSP 标识及正文图示明确对应车辆系统、车型、诊断、维修或售后技术培训。,人工首屏+内页抽查,汽车售后/维修/诊断/技术培训
PDF-079,vag_072_View_document_SSP_257_Electric_vacuum_pump_for_brake_servo_unit__be2338334fca.pdf,pdfs\vag_072_View_document_SSP_257_Electric_vacuum_pump_for_brake_servo_unit__be2338334fca.pdf,View document [SSP 257 Electric vacuum pump for brake servo unit],https://www.vdveer-engineering.nl/edocmanviewer/SSP_257_Electric_vacuum_pump_for_brake_servo_unit.pdf,1064672,be2338334fca1d0532d34c5575fc5007b4b64306ec0bbf19ebdffb37151adf18,通过,20,否,7,是,0,否,0,否,1,是,普通文本,16003,版式字段由启发式分析生成，需人工抽查；SSP 原理资料不是当前车型维修手册。,人工核验通过,100份首屏联系表和100份内页联系表已查看；相关性确认。表格/双栏/侧栏字段为人工抽查结合自动初筛。,确认相关,人工查看首屏和内页联系表；标题、VW/VAG Service/SSP 标识及正文图示明确对应车辆系统、车型、诊断、维修或售后技术培训。,人工首屏+内页抽查,汽车售后/维修/诊断/技术培训
PDF-080,vag_073_View_document_SSP_258_The_New_Beetle_RSi__b18380a715d6.pdf,pdfs\vag_073_View_document_SSP_258_The_New_Beetle_RSi__b18380a715d6.pdf,View document [SSP 258 The New Beetle RSi],https://www.vdveer-engineering.nl/edocmanviewer/SSP_258_The_New_Beetle_RSi.pdf,1920856,b18380a715d610580c9a653c10830072bcd5113586c148a993da22a43d5673c7,通过,28,否,9,是,0,否,2,是,0,否,普通文本,17875,版式字段由启发式分析生成，需人工抽查；SSP 原理资料不是当前车型维修手册。,人工核验通过,100份首屏联系表和100份内页联系表已查看；相关性确认。表格/双栏/侧栏字段为人工抽查结合自动初筛。,确认相关,人工查看首屏和内页联系表；标题、VW/VAG Service/SSP 标识及正文图示明确对应车辆系统、车型、诊断、维修或售后技术培训。,人工首屏+内页抽查,汽车售后/维修/诊断/技术培训
PDF-081,vag_074_View_document_SSP_259_EPHS_Electrically_Powered_Hydraulic_Steering__90aa99bedd30.pdf,pdfs\vag_074_View_document_SSP_259_EPHS_Electrically_Powered_Hydraulic_Steering__90aa99bedd30.pdf,View document [SSP 259 EPHS Electrically Powered Hydraulic Steering],https://www.vdveer-engineering.nl/edocmanviewer/SSP_259_EPHS_Electrically_Powered_Hydraulic_Steering.pdf,1950763,90aa99bedd30535de71650fe2d40d711e49bcfcc106d85cec7441185d651fe82,通过,28,否,5,是,0,否,2,是,0,否,普通文本,29835,版式字段由启发式分析生成，需人工抽查；SSP 原理资料不是当前车型维修手册。,人工核验通过,100份首屏联系表和100份内页联系表已查看；相关性确认。表格/双栏/侧栏字段为人工抽查结合自动初筛。,确认相关,人工查看首屏和内页联系表；标题、VW/VAG Service/SSP 标识及正文图示明确对应车辆系统、车型、诊断、维修或售后技术培训。,人工首屏+内页抽查,汽车售后/维修/诊断/技术培训
PDF-082,vag_075_View_document_SSP_260_The_1.2_ltr_3_cylinder_petrol_engines__2941f2fca120.pdf,pdfs\vag_075_View_document_SSP_260_The_1.2_ltr_3_cylinder_petrol_engines__2941f2fca120.pdf,View document [SSP 260 The 1.2 ltr 3 cylinder petrol engines],https://www.vdveer-engineering.nl/edocmanviewer/SSP_260_The_1_2_ltr__3_cylinder_petrol_engines.pdf,2349130,2941f2fca1206d5b32fe082004834d4fdad24e1af004dfe601097a98768c1e24,通过,36,否,18,是,1,是,4,是,3,是,普通文本,34356,版式字段由启发式分析生成，需人工抽查；SSP 原理资料不是当前车型维修手册。,人工核验通过,100份首屏联系表和100份内页联系表已查看；相关性确认。表格/双栏/侧栏字段为人工抽查结合自动初筛。,确认相关,人工查看首屏和内页联系表；标题、VW/VAG Service/SSP 标识及正文图示明确对应车辆系统、车型、诊断、维修或售后技术培训。,人工首屏+内页抽查,汽车售后/维修/诊断/技术培训
PDF-083,vag_076_View_document_SSP_261_The_Passat_W8__f3ebd6577fbc.pdf,pdfs\vag_076_View_document_SSP_261_The_Passat_W8__f3ebd6577fbc.pdf,View document [SSP 261 The Passat W8],https://www.vdveer-engineering.nl/edocmanviewer/SSP_261_The_Passat_W8.pdf,1976426,f3ebd6577fbc676f8d59150e3cb863a08af8f335033c8d8bb5335b6ab701b678,通过,52,否,49,是,0,否,1,是,0,否,图片较多,36459,版式字段由启发式分析生成，需人工抽查；SSP 原理资料不是当前车型维修手册。,人工核验通过,100份首屏联系表和100份内页联系表已查看；相关性确认。表格/双栏/侧栏字段为人工抽查结合自动初筛。,确认相关,人工查看首屏和内页联系表；标题、VW/VAG Service/SSP 标识及正文图示明确对应车辆系统、车型、诊断、维修或售后技术培训。,人工首屏+内页抽查,汽车售后/维修/诊断/技术培训
PDF-084,vag_077_View_document_SSP_262_Natural_gas_an_alternative_fuel_for_motor_vehicles__5f3733ea3258.pdf,pdfs\vag_077_View_document_SSP_262_Natural_gas_an_alternative_fuel_for_motor_vehicles__5f3733ea3258.pdf,View document [SSP 262 Natural gas an alternative fuel for motor vehicles],https://www.vdveer-engineering.nl/edocmanviewer/SSP_262_Natural_gas_an_alternative_fuel_for_motor_vehicles.pdf,2514147,5f3733ea3258ed168ed6f03492541e2a22a3d1bd73bc4f6a8d064e40ef507648,通过,80,否,70,是,0,否,3,是,4,是,图片较多,79033,版式字段由启发式分析生成，需人工抽查；SSP 原理资料不是当前车型维修手册。,人工核验通过,100份首屏联系表和100份内页联系表已查看；相关性确认。表格/双栏/侧栏字段为人工抽查结合自动初筛。,确认相关,人工查看首屏和内页联系表；标题、VW/VAG Service/SSP 标识及正文图示明确对应车辆系统、车型、诊断、维修或售后技术培训。,人工首屏+内页抽查,汽车售后/维修/诊断/技术培训
PDF-085,vag_078_View_document_SSP_263_Polo_Model_Year_2002__ede62570d9bb.pdf,pdfs\vag_078_View_document_SSP_263_Polo_Model_Year_2002__ede62570d9bb.pdf,View document [SSP 263 Polo Model Year 2002],https://www.vdveer-engineering.nl/edocmanviewer/SSP_263_Polo_Model_Year_2002.pdf,5046144,ede62570d9bbea432eaf12106a025d3cc81225882c26cacac63483b96c5260e8,通过,60,否,31,是,1,是,3,是,2,是,普通文本,55602,版式字段由启发式分析生成，需人工抽查；SSP 原理资料不是当前车型维修手册。,人工核验通过,100份首屏联系表和100份内页联系表已查看；相关性确认。表格/双栏/侧栏字段为人工抽查结合自动初筛。,确认相关,人工查看首屏和内页联系表；标题、VW/VAG Service/SSP 标识及正文图示明确对应车辆系统、车型、诊断、维修或售后技术培训。,人工首屏+内页抽查,汽车售后/维修/诊断/技术培训
PDF-086,vag_079_View_document_SSP_264_The_Brake_Assist_System__372eec2668d1.pdf,pdfs\vag_079_View_document_SSP_264_The_Brake_Assist_System__372eec2668d1.pdf,View document [SSP 264 The Brake Assist System],https://www.vdveer-engineering.nl/edocmanviewer/SSP_264_The_Brake_Assist_System.pdf,1052036,372eec2668d1a2a898d2542754408dcd814ce053be087f40ee0015f8de52f92d,通过,32,否,29,是,0,否,1,是,0,否,图片较多,26767,版式字段由启发式分析生成，需人工抽查；SSP 原理资料不是当前车型维修手册。,人工核验通过,100份首屏联系表和100份内页联系表已查看；相关性确认。表格/双栏/侧栏字段为人工抽查结合自动初筛。,确认相关,人工查看首屏和内页联系表；标题、VW/VAG Service/SSP 标识及正文图示明确对应车辆系统、车型、诊断、维修或售后技术培训。,人工首屏+内页抽查,汽车售后/维修/诊断/技术培训
PDF-087,vag_080_View_document_SSP_265_Vehicle_electrics_in_Polo_Model_Year_2002__ac666aff3916.pdf,pdfs\vag_080_View_document_SSP_265_Vehicle_electrics_in_Polo_Model_Year_2002__ac666aff3916.pdf,View document [SSP 265 Vehicle electrics in Polo Model Year 2002],https://www.vdveer-engineering.nl/edocmanviewer/SSP_265_Vehicle_electrics_in_Polo_Model_Year_2002.pdf,2908055,ac666aff391623a978ab36b476156787967e40b37f793486fd10af7e51bff879,通过,48,否,15,是,0,否,4,是,3,是,普通文本,48871,版式字段由启发式分析生成，需人工抽查；SSP 原理资料不是当前车型维修手册。,人工核验通过,100份首屏联系表和100份内页联系表已查看；相关性确认。表格/双栏/侧栏字段为人工抽查结合自动初筛。,确认相关,人工查看首屏和内页联系表；标题、VW/VAG Service/SSP 标识及正文图示明确对应车辆系统、车型、诊断、维修或售后技术培训。,人工首屏+内页抽查,汽车售后/维修/诊断/技术培训
PDF-088,vag_081_View_document_SSP_266_2_8_ltr_TDI_Engine__70fe41858149.pdf,pdfs\vag_081_View_document_SSP_266_2_8_ltr_TDI_Engine__70fe41858149.pdf,"View document [SSP 266 2,8 ltr TDI Engine]",https://www.vdveer-engineering.nl/edocmanviewer/SSP_266_2_8_ltr__TDI_Engine.pdf,2480003,70fe418581496e25281026914e6587fe49f6c73396a8442e94e5d186bb4942a1,通过,56,否,34,是,1,是,0,否,0,否,普通文本,47376,版式字段由启发式分析生成，需人工抽查；SSP 原理资料不是当前车型维修手册。,人工核验通过,100份首屏联系表和100份内页联系表已查看；相关性确认。表格/双栏/侧栏字段为人工抽查结合自动初筛。,确认相关,人工查看首屏和内页联系表；标题、VW/VAG Service/SSP 标识及正文图示明确对应车辆系统、车型、诊断、维修或售后技术培训。,人工首屏+内页抽查,汽车售后/维修/诊断/技术培训
PDF-089,vag_082_View_document_SSP_267_The_6_0l_W12_Engine_in_the_Audi_A8_Part_1__5b10a7b54d8d.pdf,pdfs\vag_082_View_document_SSP_267_The_6_0l_W12_Engine_in_the_Audi_A8_Part_1__5b10a7b54d8d.pdf,"View document [SSP 267 The 6,0l W12 Engine in the Audi A8 Part 1]","https://www.vdveer-engineering.nl/edocmanviewer/SSP_267_6,0l_W12_Engine_in_the_Audi_A8_Part_1.pdf",4705948,5b10a7b54d8d1a416bb52bc403c3db971ea11e53b3598eed24da3fac00b93e49,通过,64,否,41,是,0,否,2,是,2,是,普通文本,63282,版式字段由启发式分析生成，需人工抽查；SSP 原理资料不是当前车型维修手册。,人工核验通过,100份首屏联系表和100份内页联系表已查看；相关性确认。表格/双栏/侧栏字段为人工抽查结合自动初筛。,确认相关,人工查看首屏和内页联系表；标题、VW/VAG Service/SSP 标识及正文图示明确对应车辆系统、车型、诊断、维修或售后技术培训。,人工首屏+内页抽查,汽车售后/维修/诊断/技术培训
PDF-090,vag_083_View_document_SSP_268_The_6.0_l_W12_engine_in_the_Audi_A8_-_Part_2__8ebef76a79ca.pdf,pdfs\vag_083_View_document_SSP_268_The_6.0_l_W12_engine_in_the_Audi_A8_-_Part_2__8ebef76a79ca.pdf,View document [SSP 268 The 6.0 l W12 engine in the Audi A8 - Part 2],https://www.vdveer-engineering.nl/edocmanviewer/SSP_268_The_6_0_l_W12_engine_in_the_Audi_A8_-_Part_2.pdf,2387227,8ebef76a79ca75403f6f49ef56ad68506bec00e73d8f074e86857d5f63d32ddb,通过,52,否,26,是,1,是,3,是,4,是,普通文本,58451,版式字段由启发式分析生成，需人工抽查；SSP 原理资料不是当前车型维修手册。,人工核验通过,100份首屏联系表和100份内页联系表已查看；相关性确认。表格/双栏/侧栏字段为人工抽查结合自动初筛。,确认相关,人工查看首屏和内页联系表；标题、VW/VAG Service/SSP 标识及正文图示明确对应车辆系统、车型、诊断、维修或售后技术培训。,人工首屏+内页抽查,汽车售后/维修/诊断/技术培训
PDF-091,vag_084_View_document_SSP_269_Data_transfer_on_CAN_data_bus_II__a48145df8796.pdf,pdfs\vag_084_View_document_SSP_269_Data_transfer_on_CAN_data_bus_II__a48145df8796.pdf,View document [SSP 269 Data transfer on CAN data bus II],https://www.vdveer-engineering.nl/edocmanviewer/SSP_269_Data_transfer_on_CAN_data_bus_II.pdf,1546819,a48145df8796a5a73800ffc642cceef022239721a23596380b669935ced8cf1e,通过,60,否,19,是,0,否,2,是,0,否,普通文本,68311,版式字段由启发式分析生成，需人工抽查；SSP 原理资料不是当前车型维修手册。,人工核验通过,100份首屏联系表和100份内页联系表已查看；相关性确认。表格/双栏/侧栏字段为人工抽查结合自动初筛。,确认相关,人工查看首屏和内页联系表；标题、VW/VAG Service/SSP 标识及正文图示明确对应车辆系统、车型、诊断、维修或售后技术培训。,人工首屏+内页抽查,汽车售后/维修/诊断/技术培训
PDF-092,vag_085_View_document_SSP_270_The_Phaeton__09fc8984e236.pdf,pdfs\vag_085_View_document_SSP_270_The_Phaeton__09fc8984e236.pdf,View document [SSP 270 The Phaeton],https://www.vdveer-engineering.nl/edocmanviewer/SSP_270_The_Phaeton.pdf,2062194,09fc8984e2367a561d159e50461c200151b3f974e31d0a34dae7201821e064ff,通过,76,否,71,是,0,否,3,是,4,是,图片较多,73037,版式字段由启发式分析生成，需人工抽查；SSP 原理资料不是当前车型维修手册。,人工核验通过,100份首屏联系表和100份内页联系表已查看；相关性确认。表格/双栏/侧栏字段为人工抽查结合自动初筛。,确认相关,人工查看首屏和内页联系表；标题、VW/VAG Service/SSP 标识及正文图示明确对应车辆系统、车型、诊断、维修或售后技术培训。,人工首屏+内页抽查,汽车售后/维修/诊断/技术培训
PDF-093,vag_086_View_document_SSP_271_The_Phaeton_Heating_and_Air_Conditioning_System__41c042468549.pdf,pdfs\vag_086_View_document_SSP_271_The_Phaeton_Heating_and_Air_Conditioning_System__41c042468549.pdf,View document [SSP 271 The Phaeton Heating and Air Conditioning System],https://www.vdveer-engineering.nl/edocmanviewer/SSP_271_The_Phaeton_Heating_and_Air_Conditioning_System.pdf,2053727,41c0424685495c70bff3242c24cfcf380a5270b074a3c2dfb09d3a43fdc75950,通过,76,否,71,是,0,否,3,是,4,是,图片较多,76935,版式字段由启发式分析生成，需人工抽查；SSP 原理资料不是当前车型维修手册。,人工核验通过,100份首屏联系表和100份内页联系表已查看；相关性确认。表格/双栏/侧栏字段为人工抽查结合自动初筛。,确认相关,人工查看首屏和内页联系表；标题、VW/VAG Service/SSP 标识及正文图示明确对应车辆系统、车型、诊断、维修或售后技术培训。,人工首屏+内页抽查,汽车售后/维修/诊断/技术培训
PDF-094,vag_087_View_document_SSP_272_The_Phaeton_Onboard_Power_Supply__c0c3e43ca1eb.pdf,pdfs\vag_087_View_document_SSP_272_The_Phaeton_Onboard_Power_Supply__c0c3e43ca1eb.pdf,View document [SSP 272 The Phaeton Onboard Power Supply],https://www.vdveer-engineering.nl/edocmanviewer/SSP_272_The_Phaeton_Onboard_Power_Supply.pdf,1375953,c0c3e43ca1eb3b344812ae645ea64b8b17df8cf6487d42f4c9f46c73135498b2,通过,64,否,54,是,0,否,4,是,2,是,图片较多,68549,版式字段由启发式分析生成，需人工抽查；SSP 原理资料不是当前车型维修手册。,人工核验通过,100份首屏联系表和100份内页联系表已查看；相关性确认。表格/双栏/侧栏字段为人工抽查结合自动初筛。,确认相关,人工查看首屏和内页联系表；标题、VW/VAG Service/SSP 标识及正文图示明确对应车辆系统、车型、诊断、维修或售后技术培训。,人工首屏+内页抽查,汽车售后/维修/诊断/技术培训
PDF-095,vag_088_View_document_SSP_273_Phaeton_Convenience__7321230d6690.pdf,pdfs\vag_088_View_document_SSP_273_Phaeton_Convenience__7321230d6690.pdf,View document [SSP 273 Phaeton Convenience],https://www.vdveer-engineering.nl/edocmanviewer/SSP_273_Phaeton_Convenience.pdf,1465254,7321230d6690c49ea9f196ee6a942e52d7390d67c9be748bda05f18cccecb577,通过,80,否,66,是,0,否,3,是,2,是,图片较多,75138,版式字段由启发式分析生成，需人工抽查；SSP 原理资料不是当前车型维修手册。,人工核验通过,100份首屏联系表和100份内页联系表已查看；相关性确认。表格/双栏/侧栏字段为人工抽查结合自动初筛。,确认相关,人工查看首屏和内页联系表；标题、VW/VAG Service/SSP 标识及正文图示明确对应车辆系统、车型、诊断、维修或售后技术培训。,人工首屏+内页抽查,汽车售后/维修/诊断/技术培训
PDF-096,vag_089_View_document_SSP_274_The_Phaeton_Infotainment_System__af4f8ab009ff.pdf,pdfs\vag_089_View_document_SSP_274_The_Phaeton_Infotainment_System__af4f8ab009ff.pdf,View document [SSP 274 The Phaeton Infotainment System],https://www.vdveer-engineering.nl/edocmanviewer/SSP_274_The_Phaeton_Infotainment_System.pdf,1244498,af4f8ab009ffa6fe8be1e9196d7ed3f0a4dd7b5506ca105ae620bbdf3616b0fe,通过,40,否,37,是,0,否,2,是,0,否,图片较多,37504,版式字段由启发式分析生成，需人工抽查；SSP 原理资料不是当前车型维修手册。,人工核验通过,100份首屏联系表和100份内页联系表已查看；相关性确认。表格/双栏/侧栏字段为人工抽查结合自动初筛。,确认相关,人工查看首屏和内页联系表；标题、VW/VAG Service/SSP 标识及正文图示明确对应车辆系统、车型、诊断、维修或售后技术培训。,人工首屏+内页抽查,汽车售后/维修/诊断/技术培训
PDF-097,vag_090_View_document_SSP_275_The_Phaeton_Air_Suspension_with_Controlled_Damping__1e28063fdbe2.pdf,pdfs\vag_090_View_document_SSP_275_The_Phaeton_Air_Suspension_with_Controlled_Damping__1e28063fdbe2.pdf,View document [SSP 275 The Phaeton Air Suspension with Controlled Damping],https://www.vdveer-engineering.nl/edocmanviewer/SSP_275_The_Phaeton_Air_Suspension_with_Controlled_Damping.pdf,4930866,1e28063fdbe271be2826ccf06b364be26f03feacf338996907b2665193045e4f,通过,68,否,15,是,1,是,3,是,0,否,普通文本,65104,版式字段由启发式分析生成，需人工抽查；SSP 原理资料不是当前车型维修手册。,人工核验通过,100份首屏联系表和100份内页联系表已查看；相关性确认。表格/双栏/侧栏字段为人工抽查结合自动初筛。,确认相关,人工查看首屏和内页联系表；标题、VW/VAG Service/SSP 标识及正文图示明确对应车辆系统、车型、诊断、维修或售后技术培训。,人工首屏+内页抽查,汽车售后/维修/诊断/技术培训
PDF-098,vag_091_View_document_SSP_276_The_Phaeton_Automatic_Proximity_Control_APC__0c490e8c4e1f.pdf,pdfs\vag_091_View_document_SSP_276_The_Phaeton_Automatic_Proximity_Control_APC__0c490e8c4e1f.pdf,View document [SSP 276 The Phaeton Automatic Proximity Control (APC)],https://www.vdveer-engineering.nl/edocmanviewer/SSP_276_The_Phaeton_Automatic_Proximity_Control_(APC).pdf,734581,0c490e8c4e1f21891637862661fe04e3e573a4c80968c8d9a35c38bda4d49f30,通过,40,否,32,是,0,否,7,是,1,是,图片较多,37275,版式字段由启发式分析生成，需人工抽查；SSP 原理资料不是当前车型维修手册。,人工核验通过,100份首屏联系表和100份内页联系表已查看；相关性确认。表格/双栏/侧栏字段为人工抽查结合自动初筛。,确认相关,人工查看首屏和内页联系表；标题、VW/VAG Service/SSP 标识及正文图示明确对应车辆系统、车型、诊断、维修或售后技术培训。,人工首屏+内页抽查,汽车售后/维修/诊断/技术培训
PDF-099,vag_092_View_document_SSP_277_The_Phaeton_Chassis__e438d1a94e7f.pdf,pdfs\vag_092_View_document_SSP_277_The_Phaeton_Chassis__e438d1a94e7f.pdf,View document [SSP 277 The Phaeton Chassis],https://www.vdveer-engineering.nl/edocmanviewer/SSP_277_The_Phaeton_Chassis.pdf,2151365,e438d1a94e7fb3c88efda4651f78b2bf77822cc096ab67ea6d0d999db8d44344,通过,60,否,56,是,0,否,5,是,0,否,图片较多,44410,版式字段由启发式分析生成，需人工抽查；SSP 原理资料不是当前车型维修手册。,人工核验通过,100份首屏联系表和100份内页联系表已查看；相关性确认。表格/双栏/侧栏字段为人工抽查结合自动初筛。,确认相关,人工查看首屏和内页联系表；标题、VW/VAG Service/SSP 标识及正文图示明确对应车辆系统、车型、诊断、维修或售后技术培训。,人工首屏+内页抽查,汽车售后/维修/诊断/技术培训
PDF-100,vag_093_View_document_SSP_278_The_Audi_A4_Cabriolet__061e5af4ab7d.pdf,pdfs\vag_093_View_document_SSP_278_The_Audi_A4_Cabriolet__061e5af4ab7d.pdf,View document [SSP 278 The Audi A4 Cabriolet],https://www.vdveer-engineering.nl/edocmanviewer/SSP_278_The_Audi_A4_Cabriolet.pdf,2002719,061e5af4ab7dddd888fa9b32fc5fa89954e9ebcd09d023e52acc0fe13ed8d19c,通过,64,否,49,是,0,否,0,否,0,否,图片较多,42709,版式字段由启发式分析生成，需人工抽查；SSP 原理资料不是当前车型维修手册。,人工核验通过,100份首屏联系表和100份内页联系表已查看；相关性确认。表格/双栏/侧栏字段为人工抽查结合自动初筛。,确认相关,人工查看首屏和内页联系表；标题、VW/VAG Service/SSP 标识及正文图示明确对应车辆系统、车型、诊断、维修或售后技术培训。,人工首屏+内页抽查,汽车售后/维修/诊断/技术培训
PDF-101,102_changzhi_auto_repair_competition_brake_records.pdf,supplemental\102_changzhi_auto_repair_competition_brake_records.pdf,102 changzhi auto repair competition brake records,https://rsj.changzhi.gov.cn/zypx/zypxhjnjd/201809/W020180930415286169662.pdf,480314,7852d6daed0656999f77bca154d79617140b196cb99f01d78306c0cf4a56f12a,通过,24,否,2,是,未人工统计,待人工抽查,未人工统计,待人工抽查,未人工统计,待人工抽查,中文维修/培训补充,9143,补充来源；汽车维修/检测/培训相关，需按来源等级审查后用于知识库。,人工核验通过,补充资料联系表已查看；汽车维修相关性确认。版式深度标签尚未逐页人工确认。,确认相关,人工查看补充资料首屏；标题/正文明确为汽车维修、故障诊断、汽车检测、维修培训或新能源维修。,人工首屏抽查,汽车售后/维修/诊断/技术培训
PDF-102,103_auto_repair_training_station_equipment.pdf,supplemental\103_auto_repair_training_station_equipment.pdf,103 auto repair training station equipment,http://zchweb.oss-cn-beijing.aliyuncs.com/contract/temp/2021120915585358301.pdf,1299865,e649b80f5474b4e7901db50838b79d71dd9138fa08db16ddbb337f9c546b9afc,通过,153,否,2,是,未人工统计,待人工抽查,未人工统计,待人工抽查,未人工统计,待人工抽查,中文维修/培训补充,169224,补充来源；汽车维修/检测/培训相关，需按来源等级审查后用于知识库。,人工核验通过,补充资料联系表已查看；汽车维修相关性确认。版式深度标签尚未逐页人工确认。,确认相关,人工查看补充资料首屏；标题/正文明确为汽车维修、故障诊断、汽车检测、维修培训或新能源维修。,人工首屏抽查,汽车售后/维修/诊断/技术培训
PDF-103,104_dexi_auto_repair_technical_training_plan.pdf,supplemental\104_dexi_auto_repair_technical_training_plan.pdf,104 dexi auto repair technical training plan,https://jwc.hbzy.edu.cn/__local/5/40/BD/AA560B332C79D17C0A481257B90_A609DDE0_19ED0E.pdf,1699086,b28f304bfe6e4a49725ce208e9a28109be8549c4408dde895f0a21d6156b22d9,通过,215,否,1,是,未人工统计,待人工抽查,未人工统计,待人工抽查,未人工统计,待人工抽查,中文维修/培训补充,195948,补充来源；汽车维修/检测/培训相关，需按来源等级审查后用于知识库。,人工核验通过,补充资料联系表已查看；汽车维修相关性确认。版式深度标签尚未逐页人工确认。,确认相关,人工查看补充资料首屏；标题/正文明确为汽车维修、故障诊断、汽车检测、维修培训或新能源维修。,人工首屏抽查,汽车售后/维修/诊断/技术培训
PDF-104,105_auto_operation_repair_training_plan.pdf,supplemental\105_auto_operation_repair_training_plan.pdf,105 auto operation repair training plan,https://www.fjlg.com/wp-content/uploads/2025/08/2025_Ji_Qi_Che_Yun_Yong_Yu_Wei_Xiu_Zhuan_Ye_Ren_Cai_Pei_Yang_Fang_An.pdf,1699950,a4b6f0740ef59ef2514b914fb74fae9feeaa68dfed54f44a6cdebf4981d48f16,通过,38,否,6,是,未人工统计,待人工抽查,未人工统计,待人工抽查,未人工统计,待人工抽查,中文维修/培训补充,23341,补充来源；汽车维修/检测/培训相关，需按来源等级审查后用于知识库。,人工核验通过,补充资料联系表已查看；汽车维修相关性确认。版式深度标签尚未逐页人工确认。,确认相关,人工查看补充资料首屏；标题/正文明确为汽车维修、故障诊断、汽车检测、维修培训或新能源维修。,人工首屏抽查,汽车售后/维修/诊断/技术培训
PDF-105,106_xinjiang_auto_repair_competition_technical_file.pdf,supplemental\106_xinjiang_auto_repair_competition_technical_file.pdf,106 xinjiang auto repair competition technical file,https://rst.xinjiang.gov.cn/xjrst/tzgg/202206/3d6de9b6376048549c7bf74c293b1b0c/files/17.%E6%B1%BD%E8%BD%A6%E7%BB%B4%E4%BF%AE%E9%A1%B9%E7%9B%AE%E6%8A%80%E6%9C%AF%E5%B7%A5%E4%BD%9C%E6%96%87%E4%BB%B6.pdf,1663532,9d7cef760112cdcc987894459252665654d6aec54d755ffa21133c947a8d7db0,通过,20,否,20,是,未人工统计,待人工抽查,未人工统计,待人工抽查,未人工统计,待人工抽查,中文维修/培训补充,10961,补充来源；汽车维修/检测/培训相关，需按来源等级审查后用于知识库。,人工核验通过,补充资料联系表已查看；汽车维修相关性确认。版式深度标签尚未逐页人工确认。,确认相关,人工查看补充资料首屏；标题/正文明确为汽车维修、故障诊断、汽车检测、维修培训或新能源维修。,人工首屏抽查,汽车售后/维修/诊断/技术培训
PDF-106,107_engine_fault_diagnosis_repair_article.pdf,supplemental\107_engine_fault_diagnosis_repair_article.pdf,107 engine fault diagnosis repair article,https://www.aeeisp.com/njsyywx/cn/article/pdf/preview/10.14031/j.cnki.njwx.2023.01.025.pdf,1275935,3de8142d4887a55faecaa4e7d550471102451c9c72af52d340b1102ff34b904c,通过,3,否,1,是,未人工统计,待人工抽查,未人工统计,待人工抽查,未人工统计,待人工抽查,中文维修/培训补充,5282,补充来源；汽车维修/检测/培训相关，需按来源等级审查后用于知识库。,人工核验通过,补充资料联系表已查看；汽车维修相关性确认。版式深度标签尚未逐页人工确认。,确认相关,人工查看补充资料首屏；标题/正文明确为汽车维修、故障诊断、汽车检测、维修培训或新能源维修。,人工首屏抽查,汽车售后/维修/诊断/技术培训
PDF-107,108_auto_electrical_fault_diagnosis_repair_article.pdf,supplemental\108_auto_electrical_fault_diagnosis_repair_article.pdf,108 auto electrical fault diagnosis repair article,https://www.aeeisp.com/njsyywx/cn/article/pdf/preview/10.14031/j.cnki.njwx.2021.02.044.pdf,128540,d04441db0ac57356a4bf3381b9a55df56f595fa65c6eacf98533992aa32b725a,通过,2,否,0,否,未人工统计,待人工抽查,未人工统计,待人工抽查,未人工统计,待人工抽查,中文维修/培训补充,3601,补充来源；汽车维修/检测/培训相关，需按来源等级审查后用于知识库。,人工核验通过,补充资料联系表已查看；汽车维修相关性确认。版式深度标签尚未逐页人工确认。,确认相关,人工查看补充资料首屏；标题/正文明确为汽车维修、故障诊断、汽车检测、维修培训或新能源维修。,人工首屏抽查,汽车售后/维修/诊断/技术培训
PDF-108,109_new_energy_vehicle_diagnosis_repair_article.pdf,supplemental\109_new_energy_vehicle_diagnosis_repair_article.pdf,109 new energy vehicle diagnosis repair article,https://anmaichuban.com/static/upload/file/20260107/1767746811190787.pdf,1293458,fa2db0f016b5597f9c99b27f3ef0c440255a018721cf17479739966ea00de0dc,通过,3,否,0,否,未人工统计,待人工抽查,未人工统计,待人工抽查,未人工统计,待人工抽查,中文维修/培训补充,5464,补充来源；汽车维修/检测/培训相关，需按来源等级审查后用于知识库。,人工核验通过,补充资料联系表已查看；汽车维修相关性确认。版式深度标签尚未逐页人工确认。,确认相关,人工查看补充资料首屏；标题/正文明确为汽车维修、故障诊断、汽车检测、维修培训或新能源维修。,人工首屏抽查,汽车售后/维修/诊断/技术培训
PDF-109,110_new_energy_electronic_diagnosis_repair_article.pdf,supplemental\110_new_energy_electronic_diagnosis_repair_article.pdf,110 new energy electronic diagnosis repair article,http://www.issplc.com/upload/pdf/2026/01/27%E5%9F%BA%E4%BA%8E%E7%94%B5%E5%AD%90%E8%AF%8A%E6%96%AD%E6%8A%80%E6%9C%AF%E7%9A%84%E6%96%B0%E8%83%BD%E6%BA%90%E6%B1%BD%E8%BD%A6%E6%A3%80%E6%B5%8B%E4%B8%8E%E7%BB%B4%E4%BF%AE%E6%8A%80%E6%9C%AF%E7%A0%94%E7%A9%B6.pdf,1558812,9a26dac06ef0a3235ed56ed2bef9665d22b052fc0a162b8bc1b0ad1eb329d28e,通过,3,否,0,否,未人工统计,待人工抽查,未人工统计,待人工抽查,未人工统计,待人工抽查,中文维修/培训补充,7605,补充来源；汽车维修/检测/培训相关，需按来源等级审查后用于知识库。,人工核验通过,补充资料联系表已查看；汽车维修相关性确认。版式深度标签尚未逐页人工确认。,确认相关,人工查看补充资料首屏；标题/正文明确为汽车维修、故障诊断、汽车检测、维修培训或新能源维修。,人工首屏抽查,汽车售后/维修/诊断/技术培训
