pdf_id,filename,title,source,relevance_status,relevance_basis,manual_review_status
PDF-001,00_official_MQB_MEB_platform_press_release.pdf,00_official_MQB_MEB_platform_press_release.pdf,https://www.volkswagen-newsroom.com/en/press-releases/modular-toolkit-strategy-as-recipe-for-success-the-mqb-celebrates-tenth-anniversary-8030/download,确认相关,人工查看首屏和内页联系表；标题、VW/VAG Service/SSP 标识及正文图示明确对应车辆系统、车型、诊断、维修或售后技术培训。,人工核验通过
PDF-002,01_SSP_511_EA211_petrol_engine.pdf,01_SSP_511_EA211_petrol_engine.pdf,https://www.vdveer-engineering.nl/edocmanviewer/SSP_511_The_New_EA211_Petrol_Engine.pdf,确认相关,人工查看首屏和内页联系表；标题、VW/VAG Service/SSP 标识及正文图示明确对应车辆系统、车型、诊断、维修或售后技术培训。,人工核验通过
PDF-003,02_SSP_920243_EA888_gen3.pdf,02_SSP_920243_EA888_gen3.pdf,https://www.vdveer-engineering.nl/edocmanviewer/SSP_920243_-_The_Audi_1_8L_and_2_0L_Third_Generation_EA888_Engines.pdf,确认相关,人工查看首屏和内页联系表；标题、VW/VAG Service/SSP 标识及正文图示明确对应车辆系统、车型、诊断、维修或售后技术培训。,人工核验通过
PDF-004,03_SSP_374_traction_control_ESP.pdf,03_SSP_374_traction_control_ESP.pdf,https://www.vdveer-engineering.nl/edocmanviewer/SSP_374_Traction_Control_ESP.pdf,确认相关,人工查看首屏和内页联系表；标题、VW/VAG Service/SSP 标识及正文图示明确对应车辆系统、车型、诊断、维修或售后技术培训。,人工核验通过
PDF-005,04_SSP_532_VW_heat_pump.pdf,04_SSP_532_VW_heat_pump.pdf,https://www.vdveer-engineering.nl/edocmanviewer/SSP_532_The_Heat_Pump_from_Volkswagen.pdf,确认相关,人工查看首屏和内页联系表；标题、VW/VAG Service/SSP 标识及正文图示明确对应车辆系统、车型、诊断、维修或售后技术培训。,人工核验通过
PDF-006,05_SSP_307_Touran_electrical_system.pdf,05_SSP_307_Touran_electrical_system.pdf,https://www.vdveer-engineering.nl/edocmanviewer/SSP_307_The_Touran_Electrical_system.pdf,确认相关,人工查看首屏和内页联系表；标题、VW/VAG Service/SSP 标识及正文图示明确对应车辆系统、车型、诊断、维修或售后技术培训。,人工核验通过
PDF-007,06_SSP_588_Jetta_2019.pdf,06_SSP_588_Jetta_2019.pdf,https://www.vag-technique.fr/ext_files/ssp/vw/SSP_588_The_Jetta_2019.pdf,确认相关,人工查看首屏和内页联系表；标题、VW/VAG Service/SSP 标识及正文图示明确对应车辆系统、车型、诊断、维修或售后技术培训。,人工核验通过
PDF-008,vag_001_View_document_SSP_147_Radio_Systems_94__e2bf2399d103.pdf,View document [SSP 147 Radio Systems 94],https://www.vdveer-engineering.nl/edocmanviewer/SSP_147_Radio_Systems_94.pdf,确认相关,人工查看首屏和内页联系表；标题、VW/VAG Service/SSP 标识及正文图示明确对应车辆系统、车型、诊断、维修或售后技术培训。,人工核验通过
PDF-009,vag_002_View_document_SSP_153_1_9_ltr-TDI-Industrial_Engine__b72a02c43d3a.pdf,"View document [SSP 153 1,9 ltr-TDI-Industrial Engine]","https://www.vdveer-engineering.nl/edocmanviewer/SSP_153_1,9_ltr-TDI-Industrial_Engine.pdf",确认相关,人工查看首屏和内页联系表；标题、VW/VAG Service/SSP 标识及正文图示明确对应车辆系统、车型、诊断、维修或售后技术培训。,人工核验通过
PDF-010,vag_003_View_document_SSP_175_On-Board_Diagnosis_System__de2a09ad62f0.pdf,View document [SSP 175 On-Board Diagnosis System],https://www.vdveer-engineering.nl/edocmanviewer/SSP_175_On-Board_Diagnosis_System.pdf,确认相关,人工查看首屏和内页联系表；标题、VW/VAG Service/SSP 标识及正文图示明确对应车辆系统、车型、诊断、维修或售后技术培训。,人工核验通过
PDF-011,vag_004_View_document_SSP_181_Audi_A3_-_Presentation__c3246ce317aa.pdf,View document [SSP 181 Audi A3 - Presentation],https://www.vdveer-engineering.nl/edocmanviewer/SSP_181_Audi_A3_-_Presentation.pdf,确认相关,人工查看首屏和内页联系表；标题、VW/VAG Service/SSP 标识及正文图示明确对应车辆系统、车型、诊断、维修或售后技术培训。,人工核验通过
PDF-012,vag_005_View_document_SSP_182_Audi_A3_-_The_Engineering__88216050e9a8.pdf,View document [SSP 182 Audi A3 - The Engineering],https://www.vdveer-engineering.nl/edocmanviewer/SSP_182_Audi_A3_-_The_Engineering.pdf,确认相关,人工查看首屏和内页联系表；标题、VW/VAG Service/SSP 标识及正文图示明确对应车辆系统、车型、诊断、维修或售后技术培训。,人工核验通过
PDF-013,vag_006_View_document_SSP_186_The_CAN_Databus__fa5e6c81a465.pdf,View document [SSP 186 The CAN Databus],https://www.vdveer-engineering.nl/edocmanviewer/SSP_186_The_CAN_Databus.pdf,确认相关,人工查看首屏和内页联系表；标题、VW/VAG Service/SSP 标识及正文图示明确对应车辆系统、车型、诊断、维修或售后技术培训。,人工核验通过
PDF-014,vag_007_View_document_SSP_188_The_LT_97__fad53affd375.pdf,View document [SSP 188 The LT 97],https://www.vdveer-engineering.nl/edocmanviewer/SSP_188_The_LT_97.pdf,确认相关,人工查看首屏和内页联系表；标题、VW/VAG Service/SSP 标识及正文图示明确对应车辆系统、车型、诊断、维修或售后技术培训。,人工核验通过
PDF-015,vag_008_View_document_SSP_189_The_2.3_l_petrol_engine_in_the_LT_1997__2d83df16c0cf.pdf,View document [SSP 189 The 2.3 l petrol engine in the LT 1997],https://www.vdveer-engineering.nl/edocmanviewer/SSP_189_The_2_3_l_petrol_engine_in_the_LT_1997.pdf,确认相关,人工查看首屏和内页联系表；标题、VW/VAG Service/SSP 标识及正文图示明确对应车辆系统、车型、诊断、维修或售后技术培训。,人工核验通过
PDF-016,vag_009_View_document_SSP_190_Adjustable_Turbocharger__013c301ada5d.pdf,View document [SSP 190 Adjustable Turbocharger],https://www.vdveer-engineering.nl/edocmanviewer/SSP_190_Adjustable_Turbocharger.pdf,确认相关,人工查看首屏和内页联系表；标题、VW/VAG Service/SSP 标识及正文图示明确对应车辆系统、车型、诊断、维修或售后技术培训。,人工核验通过
PDF-017,vag_010_View_document_SSP_191_Passat_B5__5586dd0c6db8.pdf,View document [SSP 191 Passat B5],https://www.vdveer-engineering.nl/edocmanviewer/SSP_191_Passat_B5.pdf,确认相关,人工查看首屏和内页联系表；标题、VW/VAG Service/SSP 标识及正文图示明确对应车辆系统、车型、诊断、维修或售后技术培训。,人工核验通过
PDF-018,vag_011_View_document_SSP_192_The_Passat_1997_The_Engineering__925ef04c7153.pdf,View document [SSP 192 The Passat 1997 The Engineering],https://www.vdveer-engineering.nl/edocmanviewer/SSP_192_The_Passat_1997_The_Engineering.pdf,确认相关,人工查看首屏和内页联系表；标题、VW/VAG Service/SSP 标识及正文图示明确对应车辆系统、车型、诊断、维修或售后技术培训。,人工核验通过
PDF-019,vag_012_View_document_SSP_193_Convenience_System__0222a731230c.pdf,View document [SSP 193 Convenience System],https://www.vdveer-engineering.nl/edocmanviewer/SSP_193_Convenience_System.pdf,确认相关,人工查看首屏和内页联系表；标题、VW/VAG Service/SSP 标识及正文图示明确对应车辆系统、车型、诊断、维修或售后技术培训。,人工核验通过
PDF-020,vag_013_View_document_SSP_195_The_2.3-ltr_V5_Engine__c893f26ab67c.pdf,View document [SSP 195 The 2.3-ltr V5 Engine],https://www.vdveer-engineering.nl/edocmanviewer/SSP_195_The_2_3-ltr__V5_Engine.pdf,确认相关,人工查看首屏和内页联系表；标题、VW/VAG Service/SSP 标识及正文图示明确对应车辆系统、车型、诊断、维修或售后技术培训。,人工核验通过
PDF-021,vag_014_View_document_SSP_196_The_1.4_ltr_16V_55kW_Engine__055f9dd30729.pdf,View document [SSP 196 The 1.4 ltr 16V 55kW Engine],https://www.vdveer-engineering.nl/edocmanviewer/SSP_196_The_1_4_ltr__16V_55kW_Engine.pdf,确认相关,人工查看首屏和内页联系表；标题、VW/VAG Service/SSP 标识及正文图示明确对应车辆系统、车型、诊断、维修或售后技术培训。,人工核验通过
PDF-022,vag_015_View_document_SSP_198_The_27-litre_V6_Biturbo__74fe9c4e62fd.pdf,View document [SSP 198 The 27-litre V6 Biturbo],https://www.vdveer-engineering.nl/edocmanviewer/SSP_198_The_2_7-litre_V6_Biturbo.pdf,确认相关,人工查看首屏和内页联系表；标题、VW/VAG Service/SSP 标识及正文图示明确对应车辆系统、车型、诊断、维修或售后技术培训。,人工核验通过
PDF-023,vag_016_View_document_SSP_199_The_Radio_Navigation_System__d7d8b275fef8.pdf,View document [SSP 199 The Radio Navigation System],https://www.vdveer-engineering.nl/edocmanviewer/SSP_199_The_Radio_Navigation_System.pdf,确认相关,人工查看首屏和内页联系表；标题、VW/VAG Service/SSP 标识及正文图示明确对应车辆系统、车型、诊断、维修或售后技术培训。,人工核验通过
PDF-024,vag_017_View_document_SSP_200_Golf_IV__08b1787a5cb0.pdf,View document [SSP 200 Golf IV],https://www.vdveer-engineering.nl/edocmanviewer/SSP_200_Golf_IV.pdf,确认相关,人工查看首屏和内页联系表；标题、VW/VAG Service/SSP 标识及正文图示明确对应车辆系统、车型、诊断、维修或售后技术培训。,人工核验通过
PDF-025,vag_018_View_document_SSP_201_The_Lupo__b2134625f335.pdf,View document [SSP 201 The Lupo],https://www.vdveer-engineering.nl/edocmanviewer/SSP_201_The_Lupo.pdf,确认相关,人工查看首屏和内页联系表；标题、VW/VAG Service/SSP 标识及正文图示明确对应车辆系统、车型、诊断、维修或售后技术培训。,人工核验通过
PDF-026,vag_019_View_document_SSP_202_Vehicle_Diagnostic_Testing_and_Information_System_VAS_5051__1a0dc7cd9f7d.pdf,"View document [SSP 202 Vehicle Diagnostic, Testing and Information System VAS 5051]","https://www.vdveer-engineering.nl/edocmanviewer/SSP_202_Vehicle_Diagnostic,_Testing_and_Information_System_VAS_5051.pdf",确认相关,人工查看首屏和内页联系表；标题、VW/VAG Service/SSP 标识及正文图示明确对应车辆系统、车型、诊断、维修或售后技术培训。,人工核验通过
PDF-027,vag_020_View_document_SSP_203_The_1.0-ltr_37_kW_petrol_engine__351f20348455.pdf,View document [SSP 203 The 1.0-ltr 37 kW petrol engine],https://www.vdveer-engineering.nl/edocmanviewer/SSP_203_The_1_0-ltr__37_kW_petrol_engine.pdf,确认相关,人工查看首屏和内页联系表；标题、VW/VAG Service/SSP 标识及正文图示明确对应车辆系统、车型、诊断、维修或售后技术培训。,人工核验通过
PDF-028,vag_021_View_document_SSP_204_ESP_Electronic_Stability_Programme__4e86b3b9e4e9.pdf,View document [SSP 204 ESP Electronic Stability Programme],https://www.vdveer-engineering.nl/edocmanviewer/SSP_204_ESP_Electronic_Stability_Programme.pdf,确认相关,人工查看首屏和内页联系表；标题、VW/VAG Service/SSP 标识及正文图示明确对应车辆系统、车型、诊断、维修或售后技术培训。,人工核验通过
PDF-029,vag_022_View_document_SSP_205_02M_6speed_Manual_Gearbox__a9cfb492a2a0.pdf,View document [SSP 205 02M 6speed Manual Gearbox],https://www.vdveer-engineering.nl/edocmanviewer/SSP_205_02M_6speed_Manual_Gearbox.pdf,确认相关,人工查看首屏和内页联系表；标题、VW/VAG Service/SSP 标识及正文图示明确对应车辆系统、车型、诊断、维修或售后技术培训。,人工核验通过
PDF-030,vag_023_View_document_SSP_206_Four-Wheel_Drive_with_Haldex_Coupling__629b7faf7539.pdf,View document [SSP 206 Four-Wheel Drive with Haldex Coupling],https://www.vdveer-engineering.nl/edocmanviewer/SSP_206_Four-Wheel_Drive_with_Haldex_Coupling.pdf,确认相关,人工查看首屏和内页联系表；标题、VW/VAG Service/SSP 标识及正文图示明确对应车辆系统、车型、诊断、维修或售后技术培训。,人工核验通过
PDF-031,vag_024_View_document_SSP_207_The_Audi_TT_Coup__419e6ca581c6.pdf,View document [SSP 207 The Audi TT Coupé],https://www.vdveer-engineering.nl/edocmanviewer/SSP_207_The_Audi_TT_Coupé.pdf,确认相关,人工查看首屏和内页联系表；标题、VW/VAG Service/SSP 标识及正文图示明确对应车辆系统、车型、诊断、维修或售后技术培训。,人工核验通过
PDF-032,vag_025_View_document_SSP_208_Air_Conditioner_in_the_Motor_Vehicle__c5ee00121c41.pdf,View document [SSP 208 Air Conditioner in the Motor Vehicle],https://www.vdveer-engineering.nl/edocmanviewer/SSP_208_Air_Conditioner_in_the_Motor_Vehicle.pdf,确认相关,人工查看首屏和内页联系表；标题、VW/VAG Service/SSP 标识及正文图示明确对应车辆系统、车型、诊断、维修或售后技术培训。,人工核验通过
PDF-033,vag_026_View_document_SSP_209_1.9_ltr_TDI_Engine_with_Pump_Injection_System__22d60ba32905.pdf,View document [SSP 209 1.9 ltr TDI Engine with Pump Injection System],https://www.vdveer-engineering.nl/edocmanviewer/SSP_209_1_9_ltr__TDI_Engine_with_Pump_Injection_System.pdf,确认相关,人工查看首屏和内页联系表；标题、VW/VAG Service/SSP 标识及正文图示明确对应车辆系统、车型、诊断、维修或售后技术培训。,人工核验通过
PDF-034,vag_027_View_document_SSP_210_Electronic_Power_Control__6a66489edc75.pdf,View document [SSP 210 Electronic Power Control],https://www.vdveer-engineering.nl/edocmanviewer/SSP_210_Electronic_Power_Control.pdf,确认相关,人工查看首屏和内页联系表；标题、VW/VAG Service/SSP 标识及正文图示明确对应车辆系统、车型、诊断、维修或售后技术培训。,人工核验通过
PDF-035,vag_028_View_document_SSP_211_The_New_Beetle__6863b552f620.pdf,View document [SSP 211 The New Beetle],https://www.vdveer-engineering.nl/edocmanviewer/SSP_211_The_New_Beetle.pdf,确认相关,人工查看首屏和内页联系表；标题、VW/VAG Service/SSP 标识及正文图示明确对应车辆系统、车型、诊断、维修或售后技术培训。,人工核验通过
PDF-036,vag_029_View_document_SSP_212_Variable_Intake_Manifold_in_VR_Engines__ce4e13dfed01.pdf,View document [SSP 212 Variable Intake Manifold in VR Engines],https://www.vdveer-engineering.nl/edocmanviewer/SSP_212_Variable_Intake_Manifold_in_VR_Engines.pdf,确认相关,人工查看首屏和内页联系表；标题、VW/VAG Service/SSP 标识及正文图示明确对应车辆系统、车型、诊断、维修或售后技术培训。,人工核验通过
PDF-037,vag_030_View_document_SSP_213_New_Technology_99__a992eac118be.pdf,View document [SSP 213 New Technology ‘99],https://www.vdveer-engineering.nl/edocmanviewer/SSP_213_New_Technology_‘99.pdf,确认相关,人工查看首屏和内页联系表；标题、VW/VAG Service/SSP 标识及正文图示明确对应车辆系统、车型、诊断、维修或售后技术培训。,人工核验通过
PDF-038,vag_031_View_document_SSP_214_Painting_the_Vehicle_Pre_Treatment__17a3554e5729.pdf,View document [SSP 214 Painting the Vehicle Pre Treatment],https://www.vdveer-engineering.nl/edocmanviewer/SSP_214_Painting_the_Vehicle_Pre_Treatment.pdf,确认相关,人工查看首屏和内页联系表；标题、VW/VAG Service/SSP 标识及正文图示明确对应车辆系统、车型、诊断、维修或售后技术培训。,人工核验通过
PDF-039,vag_032_View_document_SSP_215_Painting_the_Vehicle_The_Topcoat__e5422d162e5b.pdf,View document [SSP 215 Painting the Vehicle The Topcoat],https://www.vdveer-engineering.nl/edocmanviewer/SSP_215_Painting_the_Vehicle_The_Topcoat.pdf,确认相关,人工查看首屏和内页联系表；标题、VW/VAG Service/SSP 标识及正文图示明确对应车辆系统、车型、诊断、维修或售后技术培训。,人工核验通过
PDF-040,vag_033_View_document_SSP_216_Body_-_LUPO_3L__e0655ce9a381.pdf,View document [SSP 216 Body - LUPO 3L],https://www.vdveer-engineering.nl/edocmanviewer/SSP_216_Body_-_LUPO_3L.pdf,确认相关,人工查看首屏和内页联系表；标题、VW/VAG Service/SSP 标识及正文图示明确对应车辆系统、车型、诊断、维修或售后技术培训。,人工核验通过
PDF-041,vag_034_View_document_SSP_217_The_V8-5V_Engine__c6d04ffe3378.pdf,View document [SSP 217 The V8-5V Engine],https://www.vdveer-engineering.nl/edocmanviewer/SSP_217_The_V8-5V_Engine.pdf,确认相关,人工查看首屏和内页联系表；标题、VW/VAG Service/SSP 标识及正文图示明确对应车辆系统、车型、诊断、维修或售后技术培训。,人工核验通过
PDF-042,vag_035_View_document_SSP_218_The_Lupo_3L__5397a301b89f.pdf,View document [SSP 218 The Lupo 3L],https://www.vdveer-engineering.nl/edocmanviewer/SSP_218_The_Lupo_3L.pdf,确认相关,人工查看首屏和内页联系表；标题、VW/VAG Service/SSP 标识及正文图示明确对应车辆系统、车型、诊断、维修或售后技术培训。,人工核验通过
PDF-043,vag_036_View_document_SSP_219_Tyre_Pressure_Monitoring_System__f133bf151e74.pdf,View document [SSP 219 Tyre Pressure Monitoring System],https://www.vdveer-engineering.nl/edocmanviewer/SSP_219_Tyre_Pressure_Monitoring_System.pdf,确认相关,人工查看首屏和内页联系表；标题、VW/VAG Service/SSP 标识及正文图示明确对应车辆系统、车型、诊断、维修或售后技术培训。,人工核验通过
PDF-044,vag_037_View_document_SSP_220_Audi_TT_roadster__eeedc06edd2b.pdf,View document [SSP 220 Audi TT roadster],https://www.vdveer-engineering.nl/edocmanviewer/SSP_220_Audi_TT_roadster.pdf,确认相关,人工查看首屏和内页联系表；标题、VW/VAG Service/SSP 标识及正文图示明确对应车辆系统、车型、诊断、维修或售后技术培训。,人工核验通过
PDF-045,vag_038_View_document_SSP_221_Electronic_Manual_Gearbox__dc61e15bf743.pdf,View document [SSP 221 Electronic Manual Gearbox],https://www.vdveer-engineering.nl/edocmanviewer/SSP_221_Electronic_Manual_Gearbox.pdf,确认相关,人工查看首屏和内页联系表；标题、VW/VAG Service/SSP 标识及正文图示明确对应车辆系统、车型、诊断、维修或售后技术培训。,人工核验通过
PDF-046,vag_039_View_document_SSP_222_Electronically_Mapped_Cooling_System__3ba023b70a10.pdf,View document [SSP 222 Electronically Mapped Cooling System],https://www.vdveer-engineering.nl/edocmanviewer/SSP_222_Electronically_Mapped_Cooling_System.pdf,确认相关,人工查看首屏和内页联系表；标题、VW/VAG Service/SSP 标识及正文图示明确对应车辆系统、车型、诊断、维修或售后技术培训。,人工核验通过
PDF-047,vag_040_View_document_SSP_223_The_1.2l_and_1.4l_TDI_engines__7eb3582f3013.pdf,View document [SSP 223 The 1.2l and 1.4l TDI engines],https://www.vdveer-engineering.nl/edocmanviewer/SSP_223_The_1_2l_and_1_4l_TDI_engines.pdf,确认相关,人工查看首屏和内页联系表；标题、VW/VAG Service/SSP 标识及正文图示明确对应车辆系统、车型、诊断、维修或售后技术培训。,人工核验通过
PDF-048,vag_041_View_document_SSP_224_Service_Interval_Extension__a8ea3b254149.pdf,View document [SSP 224 Service Interval Extension],https://www.vdveer-engineering.nl/edocmanviewer/SSP_224_Service_Interval_Extension.pdf,确认相关,人工查看首屏和内页联系表；标题、VW/VAG Service/SSP 标识及正文图示明确对应车辆系统、车型、诊断、维修或售后技术培训。,人工核验通过
PDF-049,vag_042_View_document_SSP_225_The_electro_mechanical_power_steering_system__ff87cccb3564.pdf,View document [SSP 225 The electro mechanical power steering system],https://www.vdveer-engineering.nl/edocmanviewer/SSP_225_The_electro_mechanical_power_steering_system.pdf,确认相关,人工查看首屏和内页联系表；标题、VW/VAG Service/SSP 标识及正文图示明确对应车辆系统、车型、诊断、维修或售后技术培训。,人工核验通过
PDF-050,vag_043_View_document_SSP_226_3_3l_V8_TDI_Engine_Mechanicals__69c33236684d.pdf,"View document [SSP 226 3,3l V8 TDI Engine Mechanicals]","https://www.vdveer-engineering.nl/edocmanviewer/SSP_226_3,3l_V8_TDI_Engine_Mechanicals.pdf",确认相关,人工查看首屏和内页联系表；标题、VW/VAG Service/SSP 标识及正文图示明确对应车辆系统、车型、诊断、维修或售后技术培训。,人工核验通过
PDF-051,vag_044_View_document_SSP_227_3_3_l_V8_TDI_Common_Rail_Injection_System__f9eef9a10afb.pdf,"View document [SSP 227 3,3 l V8 TDI Common Rail Injection System]","https://www.vdveer-engineering.nl/edocmanviewer/SSP_227_3,3_l_V8_TDI_Common_Rail_Injection_System.pdf",确认相关,人工查看首屏和内页联系表；标题、VW/VAG Service/SSP 标识及正文图示明确对应车辆系统、车型、诊断、维修或售后技术培训。,人工核验通过
PDF-052,vag_045_View_document_SSP_228_Variable_Automatic_Gearbox_multitronic_01J__883be7a09c5d.pdf,View document [SSP 228 Variable Automatic Gearbox multitronic® 01J],https://www.vdveer-engineering.nl/edocmanviewer/SSP_228_Variable_Automatic_Gearbox_multitronic®_01J.pdf,确认相关,人工查看首屏和内页联系表；标题、VW/VAG Service/SSP 标识及正文图示明确对应车辆系统、车型、诊断、维修或售后技术培训。,人工核验通过
PDF-053,vag_046_View_document_SSP_230_Motor_Vehicle_Exhaust_Emissions__70592415c1b8.pdf,View document [SSP 230 Motor Vehicle Exhaust Emissions],https://www.vdveer-engineering.nl/edocmanviewer/SSP_230_Motor_Vehicle_Exhaust_Emissions.pdf,确认相关,人工查看首屏和内页联系表；标题、VW/VAG Service/SSP 标识及正文图示明确对应车辆系统、车型、诊断、维修或售后技术培训。,人工核验通过
PDF-054,vag_047_View_document_SSP_231_Euro_On-Board_Diagnostic_System__4e829bc1b790.pdf,View document [SSP 231 Euro On-Board Diagnostic System],https://www.vdveer-engineering.nl/edocmanviewer/SSP_231_Euro_On-Board_Diagnostic_System.pdf,确认相关,人工查看首屏和内页联系表；标题、VW/VAG Service/SSP 标识及正文图示明确对应车辆系统、车型、诊断、维修或售后技术培训。,人工核验通过
PDF-055,vag_048_View_document_SSP_232_5_speed_Automatic_Gearbox__c18702d6809e.pdf,View document [SSP 232 5 speed Automatic Gearbox],https://www.vdveer-engineering.nl/edocmanviewer/SSP_232_5_speed_Automatic_Gearbox.pdf,确认相关,人工查看首屏和内页联系表；标题、VW/VAG Service/SSP 标识及正文图示明确对应车辆系统、车型、诊断、维修或售后技术培训。,人工核验通过
PDF-056,vag_049_View_document_SSP_233_20_litre_Engine__814455711e01.pdf,View document [SSP 233 20 litre Engine],https://www.vdveer-engineering.nl/edocmanviewer/SSP_233_2_0_litre_Engine.pdf,确认相关,人工查看首屏和内页联系表；标题、VW/VAG Service/SSP 标识及正文图示明确对应车辆系统、车型、诊断、维修或售后技术培训。,人工核验通过
PDF-057,vag_050_View_document_SSP_234_Vehicle_batteries__8d17900a5675.pdf,View document [SSP 234 Vehicle batteries],https://www.vdveer-engineering.nl/edocmanviewer/SSP_234_Vehicle_batteries.pdf,确认相关,人工查看首屏和内页联系表；标题、VW/VAG Service/SSP 标识及正文图示明确对应车辆系统、车型、诊断、维修或售后技术培训。,人工核验通过
PDF-058,vag_051_View_document_SSP_235_The_Multi_Function_Steering_Wheel__3f4be5a676d2.pdf,View document [SSP 235 The Multi Function Steering Wheel],https://www.vdveer-engineering.nl/edocmanviewer/SSP_235_The_Multi_Function_Steering_Wheel.pdf,确认相关,人工查看首屏和内页联系表；标题、VW/VAG Service/SSP 标识及正文图示明确对应车辆系统、车型、诊断、维修或售后技术培训。,人工核验通过
PDF-059,vag_052_View_document_SSP_237_Manual_gearbox_02T__f096111409e9.pdf,View document [SSP 237 Manual gearbox 02T],https://www.vdveer-engineering.nl/edocmanviewer/SSP_237_Manual_gearbox_02T.pdf,确认相关,人工查看首屏和内页联系表；标题、VW/VAG Service/SSP 标识及正文图示明确对应车辆系统、车型、诊断、维修或售后技术培训。,人工核验通过
PDF-060,vag_053_View_document_SSP_238_Data_Exchange_On_The_CAN_Bus_I__43d72a336a5e.pdf,View document [SSP 238 Data Exchange On The CAN Bus I],https://www.vdveer-engineering.nl/edocmanviewer/SSP_238_Data_Exchange_On_The_CAN_Bus_I.pdf,确认相关,人工查看首屏和内页联系表；标题、VW/VAG Service/SSP 标识及正文图示明确对应车辆系统、车型、诊断、维修或售后技术培训。,人工核验通过
PDF-061,vag_054_View_document_SSP_239_Audi_A2_Body__5c1a85cd97e2.pdf,View document [SSP 239 Audi A2 Body],https://www.vdveer-engineering.nl/edocmanviewer/SSP_239_Audi_A2_Body.pdf,确认相关,人工查看首屏和内页联系表；标题、VW/VAG Service/SSP 标识及正文图示明确对应车辆系统、车型、诊断、维修或售后技术培训。,人工核验通过
PDF-062,vag_055_View_document_SSP_240_AUDI_A2_Technology__203415dd629f.pdf,View document [SSP 240 AUDI A2 Technology],https://www.vdveer-engineering.nl/edocmanviewer/SSP_240_AUDI_A2_Technology.pdf,确认相关,人工查看首屏和内页联系表；标题、VW/VAG Service/SSP 标识及正文图示明确对应车辆系统、车型、诊断、维修或售后技术培训。,人工核验通过
PDF-063,vag_056_View_document_SSP_241_The_Audi_allroad_quattro_with_additional_shift_stage__75ed2a571ab4.pdf,View document [SSP 241 The Audi allroad quattro with additional shift stage],https://www.vdveer-engineering.nl/edocmanviewer/SSP_241_The_Audi_allroad_quattro_with_additional_shift_stage.pdf,确认相关,人工查看首屏和内页联系表；标题、VW/VAG Service/SSP 标识及正文图示明确对应车辆系统、车型、诊断、维修或售后技术培训。,人工核验通过
PDF-064,vag_057_View_document_SSP_242_Pneumatic_suspension_system_Part_1__0a802ea58df4.pdf,View document [SSP 242 Pneumatic suspension system Part 1],https://www.vdveer-engineering.nl/edocmanviewer/SSP_242_Pneumatic_suspension_system_Part_1.pdf,确认相关,人工查看首屏和内页联系表；标题、VW/VAG Service/SSP 标识及正文图示明确对应车辆系统、车型、诊断、维修或售后技术培训。,人工核验通过
PDF-065,vag_058_View_document_SSP_243_Pneumatic_suspension_system_Part_2__a7613e554788.pdf,View document [SSP 243 Pneumatic suspension system Part 2],https://www.vdveer-engineering.nl/edocmanviewer/SSP_243_Pneumatic_suspension_system_Part_2.pdf,确认相关,人工查看首屏和内页联系表；标题、VW/VAG Service/SSP 标识及正文图示明确对应车辆系统、车型、诊断、维修或售后技术培训。,人工核验通过
PDF-066,vag_059_View_document_SSP_244_Audi_RS6__1a4ebfd0201a.pdf,View document [SSP 244 Audi RS6],https://www.vdveer-engineering.nl/edocmanviewer/SSP_244_Audi_RS6.pdf,确认相关,人工查看首屏和内页联系表；标题、VW/VAG Service/SSP 标识及正文图示明确对应车辆系统、车型、诊断、维修或售后技术培训。,人工核验通过
PDF-067,vag_060_View_document_SSP_245_Audi_RS4__6b65c68a3462.pdf,View document [SSP 245 Audi RS4],https://www.vdveer-engineering.nl/edocmanviewer/SSP_245_Audi_RS4.pdf,确认相关,人工查看首屏和内页联系表；标题、VW/VAG Service/SSP 标识及正文图示明确对应车辆系统、车型、诊断、维修或售后技术培训。,人工核验通过
PDF-068,vag_061_View_document_SSP_246_Variable_Valve_Timing_VVT__e1cf68ca9ea5.pdf,View document [SSP 246 Variable Valve Timing VVT],https://www.vdveer-engineering.nl/edocmanviewer/SSP_246_Variable_Valve_Timing_VVT.pdf,确认相关,人工查看首屏和内页联系表；标题、VW/VAG Service/SSP 标识及正文图示明确对应车辆系统、车型、诊断、维修或售后技术培训。,人工核验通过
PDF-069,vag_062_View_document_SSP_247_AUDI_A2_-_Engine_and_Gearbox__f4615d961c14.pdf,View document [SSP 247 AUDI A2 - Engine and Gearbox],https://www.vdveer-engineering.nl/edocmanviewer/SSP_247_AUDI_A2_-_Engine_and_Gearbox.pdf,确认相关,人工查看首屏和内页联系表；标题、VW/VAG Service/SSP 标识及正文图示明确对应车辆系统、车型、诊断、维修或售后技术培训。,人工核验通过
PDF-070,vag_063_View_document_SSP_248_The_W_Engine_Concept__ae8fb441ad57.pdf,View document [SSP 248 The W Engine Concept],https://www.vdveer-engineering.nl/edocmanviewer/SSP_248_The_W_Engine_Concept.pdf,确认相关,人工查看首屏和内页联系表；标题、VW/VAG Service/SSP 标识及正文图示明确对应车辆系统、车型、诊断、维修或售后技术培训。,人工核验通过
PDF-071,vag_064_View_document_SSP_249_Engine_Management_of_the_W8_Engine_in_the_Passat__af255cf8ceb2.pdf,View document [SSP 249 Engine Management of the W8 Engine in the Passat],https://www.vdveer-engineering.nl/edocmanviewer/SSP_249_Engine_Management_of_the_W8_Engine_in_the_Passat.pdf,确认相关,人工查看首屏和内页联系表；标题、VW/VAG Service/SSP 标识及正文图示明确对应车辆系统、车型、诊断、维修或售后技术培训。,人工核验通过
PDF-072,vag_065_View_document_SSP_250_Engine_Management_for_the_Phaeton_W12_Engine__7b3a21c1d56d.pdf,View document [SSP 250 Engine Management for the Phaeton W12 Engine],https://www.vdveer-engineering.nl/edocmanviewer/SSP_250_Engine_Management_for_the_Phaeton_W12_Engine.pdf,确认相关,人工查看首屏和内页联系表；标题、VW/VAG Service/SSP 标识及正文图示明确对应车辆系统、车型、诊断、维修或售后技术培训。,人工核验通过
PDF-073,vag_066_View_document_SSP_251_Passat_B55__2aa04eab1717.pdf,View document [SSP 251 Passat B55],https://www.vdveer-engineering.nl/edocmanviewer/SSP_251_Passat_B5_5.pdf,确认相关,人工查看首屏和内页联系表；标题、VW/VAG Service/SSP 标识及正文图示明确对应车辆系统、车型、诊断、维修或售后技术培训。,人工核验通过
PDF-074,vag_067_View_document_SSP_252_1.4l_77_kW_Engine_with_Petrol_Direct_Injection_System_in_the_Lupo__d3795a715926.pdf,View document [SSP 252 1.4l 77 kW Engine with Petrol Direct Injection System in the Lupo],https://www.vdveer-engineering.nl/edocmanviewer/SSP_252_1_4l_77_kW_Engine_with_Petrol_Direct_Injection_System_in_the_Lupo.pdf,确认相关,人工查看首屏和内页联系表；标题、VW/VAG Service/SSP 标识及正文图示明确对应车辆系统、车型、诊断、维修或售后技术培训。,人工核验通过
PDF-075,vag_068_View_document_SSP_253_GDI_With_Bosch_Motronic_MED7__1a0e2de557c3.pdf,View document [SSP 253 GDI With Bosch Motronic MED7],https://www.vdveer-engineering.nl/edocmanviewer/SSP_253_GDI_With_Bosch_Motronic_MED7.pdf,确认相关,人工查看首屏和内页联系表；标题、VW/VAG Service/SSP 标识及正文图示明确对应车辆系统、车型、诊断、维修或售后技术培训。,人工核验通过
PDF-076,vag_069_View_document_SSP_254_AUDI_A4_01_-_Technical_Features__473fe94cf838.pdf,View document [SSP 254 AUDI A4 ´01 - Technical Features],https://www.vdveer-engineering.nl/edocmanviewer/SSP_254_AUDI_A4_´01_-_Technical_Features.pdf,确认相关,人工查看首屏和内页联系表；标题、VW/VAG Service/SSP 标识及正文图示明确对应车辆系统、车型、诊断、维修或售后技术培训。,人工核验通过
PDF-077,vag_070_View_document_SSP_255_The_2_0_l_R4_and_the_3_0_l_V6_engines__e12cdaff4ecb.pdf,"View document [SSP 255 The 2,0 l R4 and the 3,0 l V6 engines]",https://www.vdveer-engineering.nl/edocmanviewer/SSP_255_The_2_0_l_R4_and_the_3_0_l_V6_engines.pdf,确认相关,人工查看首屏和内页联系表；标题、VW/VAG Service/SSP 标识及正文图示明确对应车辆系统、车型、诊断、维修或售后技术培训。,人工核验通过
PDF-078,vag_071_View_document_SSP_256_VAS_5052__c575056cd5ff.pdf,View document [SSP 256 VAS 5052],https://www.vdveer-engineering.nl/edocmanviewer/SSP_256_VAS_5052.pdf,确认相关,人工查看首屏和内页联系表；标题、VW/VAG Service/SSP 标识及正文图示明确对应车辆系统、车型、诊断、维修或售后技术培训。,人工核验通过
PDF-079,vag_072_View_document_SSP_257_Electric_vacuum_pump_for_brake_servo_unit__be2338334fca.pdf,View document [SSP 257 Electric vacuum pump for brake servo unit],https://www.vdveer-engineering.nl/edocmanviewer/SSP_257_Electric_vacuum_pump_for_brake_servo_unit.pdf,确认相关,人工查看首屏和内页联系表；标题、VW/VAG Service/SSP 标识及正文图示明确对应车辆系统、车型、诊断、维修或售后技术培训。,人工核验通过
PDF-080,vag_073_View_document_SSP_258_The_New_Beetle_RSi__b18380a715d6.pdf,View document [SSP 258 The New Beetle RSi],https://www.vdveer-engineering.nl/edocmanviewer/SSP_258_The_New_Beetle_RSi.pdf,确认相关,人工查看首屏和内页联系表；标题、VW/VAG Service/SSP 标识及正文图示明确对应车辆系统、车型、诊断、维修或售后技术培训。,人工核验通过
PDF-081,vag_074_View_document_SSP_259_EPHS_Electrically_Powered_Hydraulic_Steering__90aa99bedd30.pdf,View document [SSP 259 EPHS Electrically Powered Hydraulic Steering],https://www.vdveer-engineering.nl/edocmanviewer/SSP_259_EPHS_Electrically_Powered_Hydraulic_Steering.pdf,确认相关,人工查看首屏和内页联系表；标题、VW/VAG Service/SSP 标识及正文图示明确对应车辆系统、车型、诊断、维修或售后技术培训。,人工核验通过
PDF-082,vag_075_View_document_SSP_260_The_1.2_ltr_3_cylinder_petrol_engines__2941f2fca120.pdf,View document [SSP 260 The 1.2 ltr 3 cylinder petrol engines],https://www.vdveer-engineering.nl/edocmanviewer/SSP_260_The_1_2_ltr__3_cylinder_petrol_engines.pdf,确认相关,人工查看首屏和内页联系表；标题、VW/VAG Service/SSP 标识及正文图示明确对应车辆系统、车型、诊断、维修或售后技术培训。,人工核验通过
PDF-083,vag_076_View_document_SSP_261_The_Passat_W8__f3ebd6577fbc.pdf,View document [SSP 261 The Passat W8],https://www.vdveer-engineering.nl/edocmanviewer/SSP_261_The_Passat_W8.pdf,确认相关,人工查看首屏和内页联系表；标题、VW/VAG Service/SSP 标识及正文图示明确对应车辆系统、车型、诊断、维修或售后技术培训。,人工核验通过
PDF-084,vag_077_View_document_SSP_262_Natural_gas_an_alternative_fuel_for_motor_vehicles__5f3733ea3258.pdf,View document [SSP 262 Natural gas an alternative fuel for motor vehicles],https://www.vdveer-engineering.nl/edocmanviewer/SSP_262_Natural_gas_an_alternative_fuel_for_motor_vehicles.pdf,确认相关,人工查看首屏和内页联系表；标题、VW/VAG Service/SSP 标识及正文图示明确对应车辆系统、车型、诊断、维修或售后技术培训。,人工核验通过
PDF-085,vag_078_View_document_SSP_263_Polo_Model_Year_2002__ede62570d9bb.pdf,View document [SSP 263 Polo Model Year 2002],https://www.vdveer-engineering.nl/edocmanviewer/SSP_263_Polo_Model_Year_2002.pdf,确认相关,人工查看首屏和内页联系表；标题、VW/VAG Service/SSP 标识及正文图示明确对应车辆系统、车型、诊断、维修或售后技术培训。,人工核验通过
PDF-086,vag_079_View_document_SSP_264_The_Brake_Assist_System__372eec2668d1.pdf,View document [SSP 264 The Brake Assist System],https://www.vdveer-engineering.nl/edocmanviewer/SSP_264_The_Brake_Assist_System.pdf,确认相关,人工查看首屏和内页联系表；标题、VW/VAG Service/SSP 标识及正文图示明确对应车辆系统、车型、诊断、维修或售后技术培训。,人工核验通过
PDF-087,vag_080_View_document_SSP_265_Vehicle_electrics_in_Polo_Model_Year_2002__ac666aff3916.pdf,View document [SSP 265 Vehicle electrics in Polo Model Year 2002],https://www.vdveer-engineering.nl/edocmanviewer/SSP_265_Vehicle_electrics_in_Polo_Model_Year_2002.pdf,确认相关,人工查看首屏和内页联系表；标题、VW/VAG Service/SSP 标识及正文图示明确对应车辆系统、车型、诊断、维修或售后技术培训。,人工核验通过
PDF-088,vag_081_View_document_SSP_266_2_8_ltr_TDI_Engine__70fe41858149.pdf,"View document [SSP 266 2,8 ltr TDI Engine]",https://www.vdveer-engineering.nl/edocmanviewer/SSP_266_2_8_ltr__TDI_Engine.pdf,确认相关,人工查看首屏和内页联系表；标题、VW/VAG Service/SSP 标识及正文图示明确对应车辆系统、车型、诊断、维修或售后技术培训。,人工核验通过
PDF-089,vag_082_View_document_SSP_267_The_6_0l_W12_Engine_in_the_Audi_A8_Part_1__5b10a7b54d8d.pdf,"View document [SSP 267 The 6,0l W12 Engine in the Audi A8 Part 1]","https://www.vdveer-engineering.nl/edocmanviewer/SSP_267_6,0l_W12_Engine_in_the_Audi_A8_Part_1.pdf",确认相关,人工查看首屏和内页联系表；标题、VW/VAG Service/SSP 标识及正文图示明确对应车辆系统、车型、诊断、维修或售后技术培训。,人工核验通过
PDF-090,vag_083_View_document_SSP_268_The_6.0_l_W12_engine_in_the_Audi_A8_-_Part_2__8ebef76a79ca.pdf,View document [SSP 268 The 6.0 l W12 engine in the Audi A8 - Part 2],https://www.vdveer-engineering.nl/edocmanviewer/SSP_268_The_6_0_l_W12_engine_in_the_Audi_A8_-_Part_2.pdf,确认相关,人工查看首屏和内页联系表；标题、VW/VAG Service/SSP 标识及正文图示明确对应车辆系统、车型、诊断、维修或售后技术培训。,人工核验通过
PDF-091,vag_084_View_document_SSP_269_Data_transfer_on_CAN_data_bus_II__a48145df8796.pdf,View document [SSP 269 Data transfer on CAN data bus II],https://www.vdveer-engineering.nl/edocmanviewer/SSP_269_Data_transfer_on_CAN_data_bus_II.pdf,确认相关,人工查看首屏和内页联系表；标题、VW/VAG Service/SSP 标识及正文图示明确对应车辆系统、车型、诊断、维修或售后技术培训。,人工核验通过
PDF-092,vag_085_View_document_SSP_270_The_Phaeton__09fc8984e236.pdf,View document [SSP 270 The Phaeton],https://www.vdveer-engineering.nl/edocmanviewer/SSP_270_The_Phaeton.pdf,确认相关,人工查看首屏和内页联系表；标题、VW/VAG Service/SSP 标识及正文图示明确对应车辆系统、车型、诊断、维修或售后技术培训。,人工核验通过
PDF-093,vag_086_View_document_SSP_271_The_Phaeton_Heating_and_Air_Conditioning_System__41c042468549.pdf,View document [SSP 271 The Phaeton Heating and Air Conditioning System],https://www.vdveer-engineering.nl/edocmanviewer/SSP_271_The_Phaeton_Heating_and_Air_Conditioning_System.pdf,确认相关,人工查看首屏和内页联系表；标题、VW/VAG Service/SSP 标识及正文图示明确对应车辆系统、车型、诊断、维修或售后技术培训。,人工核验通过
PDF-094,vag_087_View_document_SSP_272_The_Phaeton_Onboard_Power_Supply__c0c3e43ca1eb.pdf,View document [SSP 272 The Phaeton Onboard Power Supply],https://www.vdveer-engineering.nl/edocmanviewer/SSP_272_The_Phaeton_Onboard_Power_Supply.pdf,确认相关,人工查看首屏和内页联系表；标题、VW/VAG Service/SSP 标识及正文图示明确对应车辆系统、车型、诊断、维修或售后技术培训。,人工核验通过
PDF-095,vag_088_View_document_SSP_273_Phaeton_Convenience__7321230d6690.pdf,View document [SSP 273 Phaeton Convenience],https://www.vdveer-engineering.nl/edocmanviewer/SSP_273_Phaeton_Convenience.pdf,确认相关,人工查看首屏和内页联系表；标题、VW/VAG Service/SSP 标识及正文图示明确对应车辆系统、车型、诊断、维修或售后技术培训。,人工核验通过
PDF-096,vag_089_View_document_SSP_274_The_Phaeton_Infotainment_System__af4f8ab009ff.pdf,View document [SSP 274 The Phaeton Infotainment System],https://www.vdveer-engineering.nl/edocmanviewer/SSP_274_The_Phaeton_Infotainment_System.pdf,确认相关,人工查看首屏和内页联系表；标题、VW/VAG Service/SSP 标识及正文图示明确对应车辆系统、车型、诊断、维修或售后技术培训。,人工核验通过
PDF-097,vag_090_View_document_SSP_275_The_Phaeton_Air_Suspension_with_Controlled_Damping__1e28063fdbe2.pdf,View document [SSP 275 The Phaeton Air Suspension with Controlled Damping],https://www.vdveer-engineering.nl/edocmanviewer/SSP_275_The_Phaeton_Air_Suspension_with_Controlled_Damping.pdf,确认相关,人工查看首屏和内页联系表；标题、VW/VAG Service/SSP 标识及正文图示明确对应车辆系统、车型、诊断、维修或售后技术培训。,人工核验通过
PDF-098,vag_091_View_document_SSP_276_The_Phaeton_Automatic_Proximity_Control_APC__0c490e8c4e1f.pdf,View document [SSP 276 The Phaeton Automatic Proximity Control (APC)],https://www.vdveer-engineering.nl/edocmanviewer/SSP_276_The_Phaeton_Automatic_Proximity_Control_(APC).pdf,确认相关,人工查看首屏和内页联系表；标题、VW/VAG Service/SSP 标识及正文图示明确对应车辆系统、车型、诊断、维修或售后技术培训。,人工核验通过
PDF-099,vag_092_View_document_SSP_277_The_Phaeton_Chassis__e438d1a94e7f.pdf,View document [SSP 277 The Phaeton Chassis],https://www.vdveer-engineering.nl/edocmanviewer/SSP_277_The_Phaeton_Chassis.pdf,确认相关,人工查看首屏和内页联系表；标题、VW/VAG Service/SSP 标识及正文图示明确对应车辆系统、车型、诊断、维修或售后技术培训。,人工核验通过
PDF-100,vag_093_View_document_SSP_278_The_Audi_A4_Cabriolet__061e5af4ab7d.pdf,View document [SSP 278 The Audi A4 Cabriolet],https://www.vdveer-engineering.nl/edocmanviewer/SSP_278_The_Audi_A4_Cabriolet.pdf,确认相关,人工查看首屏和内页联系表；标题、VW/VAG Service/SSP 标识及正文图示明确对应车辆系统、车型、诊断、维修或售后技术培训。,人工核验通过
PDF-101,102_changzhi_auto_repair_competition_brake_records.pdf,102 changzhi auto repair competition brake records,https://rsj.changzhi.gov.cn/zypx/zypxhjnjd/201809/W020180930415286169662.pdf,确认相关,人工查看补充资料首屏；标题/正文明确为汽车维修、故障诊断、汽车检测、维修培训或新能源维修。,人工核验通过
PDF-102,103_auto_repair_training_station_equipment.pdf,103 auto repair training station equipment,http://zchweb.oss-cn-beijing.aliyuncs.com/contract/temp/2021120915585358301.pdf,确认相关,人工查看补充资料首屏；标题/正文明确为汽车维修、故障诊断、汽车检测、维修培训或新能源维修。,人工核验通过
PDF-103,104_dexi_auto_repair_technical_training_plan.pdf,104 dexi auto repair technical training plan,https://jwc.hbzy.edu.cn/__local/5/40/BD/AA560B332C79D17C0A481257B90_A609DDE0_19ED0E.pdf,确认相关,人工查看补充资料首屏；标题/正文明确为汽车维修、故障诊断、汽车检测、维修培训或新能源维修。,人工核验通过
PDF-104,105_auto_operation_repair_training_plan.pdf,105 auto operation repair training plan,https://www.fjlg.com/wp-content/uploads/2025/08/2025_Ji_Qi_Che_Yun_Yong_Yu_Wei_Xiu_Zhuan_Ye_Ren_Cai_Pei_Yang_Fang_An.pdf,确认相关,人工查看补充资料首屏；标题/正文明确为汽车维修、故障诊断、汽车检测、维修培训或新能源维修。,人工核验通过
PDF-105,106_xinjiang_auto_repair_competition_technical_file.pdf,106 xinjiang auto repair competition technical file,https://rst.xinjiang.gov.cn/xjrst/tzgg/202206/3d6de9b6376048549c7bf74c293b1b0c/files/17.%E6%B1%BD%E8%BD%A6%E7%BB%B4%E4%BF%AE%E9%A1%B9%E7%9B%AE%E6%8A%80%E6%9C%AF%E5%B7%A5%E4%BD%9C%E6%96%87%E4%BB%B6.pdf,确认相关,人工查看补充资料首屏；标题/正文明确为汽车维修、故障诊断、汽车检测、维修培训或新能源维修。,人工核验通过
PDF-106,107_engine_fault_diagnosis_repair_article.pdf,107 engine fault diagnosis repair article,https://www.aeeisp.com/njsyywx/cn/article/pdf/preview/10.14031/j.cnki.njwx.2023.01.025.pdf,确认相关,人工查看补充资料首屏；标题/正文明确为汽车维修、故障诊断、汽车检测、维修培训或新能源维修。,人工核验通过
PDF-107,108_auto_electrical_fault_diagnosis_repair_article.pdf,108 auto electrical fault diagnosis repair article,https://www.aeeisp.com/njsyywx/cn/article/pdf/preview/10.14031/j.cnki.njwx.2021.02.044.pdf,确认相关,人工查看补充资料首屏；标题/正文明确为汽车维修、故障诊断、汽车检测、维修培训或新能源维修。,人工核验通过
PDF-108,109_new_energy_vehicle_diagnosis_repair_article.pdf,109 new energy vehicle diagnosis repair article,https://anmaichuban.com/static/upload/file/20260107/1767746811190787.pdf,确认相关,人工查看补充资料首屏；标题/正文明确为汽车维修、故障诊断、汽车检测、维修培训或新能源维修。,人工核验通过
PDF-109,110_new_energy_electronic_diagnosis_repair_article.pdf,110 new energy electronic diagnosis repair article,http://www.issplc.com/upload/pdf/2026/01/27%E5%9F%BA%E4%BA%8E%E7%94%B5%E5%AD%90%E8%AF%8A%E6%96%AD%E6%8A%80%E6%9C%AF%E7%9A%84%E6%96%B0%E8%83%BD%E6%BA%90%E6%B1%BD%E8%BD%A6%E6%A3%80%E6%B5%8B%E4%B8%8E%E7%BB%B4%E4%BF%AE%E6%8A%80%E6%9C%AF%E7%A0%94%E7%A9%B6.pdf,确认相关,人工查看补充资料首屏；标题/正文明确为汽车维修、故障诊断、汽车检测、维修培训或新能源维修。,人工核验通过
